employee_id,location,function,tenure_months,sentiment_score,sentiment_band,attrition_risk_score,attrition_flag
1,Bangalore,Operations,34,-0.18,Neutral,0.67,0
2,Bangalore,Sales,31,-0.07,Neutral,0.65,1
3,Bangalore,Sales,7,-0.09,Neutral,0.39,1
4,Bangalore,Sales,38,-0.28,Negative,0.54,0
5,Bangalore,Support,4,-0.31,Negative,0.54,0
6,Bangalore,Corporate,12,0.87,Positive,0.33,0
7,Bangalore,Support,27,0.16,Neutral,0.53,1
8,Bangalore,Engineering,16,0.02,Neutral,0.31,0
9,Bangalore,Operations,44,0.1,Neutral,0.43,0
10,Bangalore,Corporate,63,-0.63,Negative,0.55,0
11,Bangalore,Engineering,34,0.03,Neutral,0.61,0
12,Bangalore,Operations,34,-0.15,Neutral,0.62,1
13,Bangalore,Operations,27,0.0,Neutral,0.6,1
14,Bangalore,Corporate,57,-0.61,Negative,0.54,0
15,Bangalore,Operations,22,-0.19,Neutral,0.7,0
16,Bangalore,Operations,26,-0.6,Negative,0.72,1
17,Bangalore,Engineering,29,-0.43,Negative,0.78,1
18,Bangalore,Corporate,13,-0.12,Neutral,0.44,0
19,Bangalore,Operations,61,0.17,Neutral,0.32,0
20,Bangalore,Engineering,31,0.11,Neutral,0.74,1
21,Bangalore,Support,8,-0.64,Negative,0.5,0
22,Bangalore,Sales,25,-0.39,Negative,0.74,1
23,Bangalore,Operations,37,-0.08,Neutral,0.44,0
24,Bangalore,Support,51,-0.01,Neutral,0.42,1
25,Bangalore,Engineering,29,0.1,Neutral,0.63,1
26,Bangalore,Engineering,29,0.16,Neutral,0.58,0
27,Bangalore,Operations,31,0.05,Neutral,0.55,0
28,Bangalore,Support,29,-0.1,Neutral,0.74,0
29,Bangalore,Corporate,35,-0.1,Neutral,0.68,0
30,Bangalore,Corporate,16,-0.26,Negative,0.48,1
31,Bangalore,Operations,14,-0.5,Negative,0.54,0
32,Bangalore,Sales,24,-0.58,Negative,0.69,0
33,Bangalore,Support,35,0.1,Neutral,0.69,0
34,Bangalore,Engineering,13,-0.05,Neutral,0.41,1
35,Bangalore,Support,68,0.32,Positive,0.34,0
36,Bangalore,Engineering,51,-0.81,Negative,0.53,0
37,Bangalore,Sales,5,-0.37,Negative,0.54,0
38,Bangalore,Corporate,36,0.03,Neutral,0.73,0
39,Bangalore,Support,5,0.06,Neutral,0.43,1
40,Bangalore,Corporate,27,-0.25,Neutral,0.69,0
41,Bangalore,Support,33,0.04,Neutral,0.69,0
42,Bangalore,Sales,24,-0.06,Neutral,0.69,0
43,Bangalore,Engineering,12,-0.0,Neutral,0.37,0
44,Bangalore,Corporate,4,0.23,Neutral,0.44,1
45,Bangalore,Engineering,16,0.16,Neutral,0.41,0
46,Bangalore,Engineering,13,0.44,Positive,0.31,0
47,Bangalore,Support,12,-0.18,Neutral,0.47,0
48,Bangalore,Sales,42,-0.17,Neutral,0.53,0
49,Bangalore,Engineering,16,0.31,Positive,0.39,1
50,Bangalore,Operations,33,0.24,Neutral,0.61,0
51,Bangalore,Sales,11,-0.01,Neutral,0.38,0
52,Bangalore,Corporate,28,0.0,Neutral,0.64,0
53,Bangalore,Corporate,23,-0.35,Negative,0.61,1
54,Bangalore,Support,31,-0.29,Negative,0.62,0
55,Bangalore,Corporate,41,-0.08,Neutral,0.43,1
56,Bangalore,Engineering,35,-0.09,Neutral,0.69,1
57,Bangalore,Sales,38,0.67,Positive,0.26,0
58,Bangalore,Engineering,10,0.02,Neutral,0.49,0
59,Bangalore,Sales,25,0.15,Neutral,0.62,0
60,Bangalore,Operations,68,0.02,Neutral,0.4,0
61,Bangalore,Corporate,34,-0.02,Neutral,0.63,0
62,Bangalore,Engineering,58,-0.21,Neutral,0.35,0
63,Bangalore,Operations,6,-1.0,Negative,0.54,0
64,Bangalore,Corporate,3,0.04,Neutral,0.46,0
65,Bangalore,Operations,22,-0.71,Negative,0.83,1
66,Bangalore,Operations,68,0.47,Positive,0.26,0
67,Bangalore,Sales,31,-0.2,Neutral,0.6,0
68,Bangalore,Engineering,4,-0.49,Negative,0.5,0
69,Bangalore,Corporate,54,-0.55,Negative,0.42,0
70,Bangalore,Operations,61,-0.23,Neutral,0.39,1
71,Bangalore,Sales,20,-0.04,Neutral,0.66,0
72,Bangalore,Operations,10,0.04,Neutral,0.35,0
73,Bangalore,Support,21,0.0,Neutral,0.63,1
74,Bangalore,Operations,12,0.49,Positive,0.37,0
75,Bangalore,Sales,29,0.42,Positive,0.69,0
76,Bangalore,Engineering,15,-0.83,Negative,0.52,0
77,Bangalore,Engineering,16,-0.23,Neutral,0.41,1
78,Bangalore,Operations,71,-0.04,Neutral,0.45,0
79,Bangalore,Operations,17,0.08,Neutral,0.4,0
80,Bangalore,Support,41,-0.42,Negative,0.49,0
81,Bangalore,Sales,46,0.21,Neutral,0.28,0
82,Bangalore,Corporate,18,-0.31,Negative,0.73,1
83,Bangalore,Support,22,-0.04,Neutral,0.66,0
84,Bangalore,Operations,3,-0.31,Negative,0.48,1
85,Bangalore,Engineering,34,0.2,Neutral,0.6,0
86,Bangalore,Engineering,49,0.15,Neutral,0.49,0
87,Bangalore,Operations,3,-0.02,Neutral,0.33,0
88,Bangalore,Operations,50,0.5,Positive,0.32,0
89,Bangalore,Sales,24,-0.07,Neutral,0.64,0
90,Bangalore,Corporate,3,0.35,Positive,0.33,0
91,Bangalore,Operations,25,0.04,Neutral,0.74,0
92,Bangalore,Support,22,0.13,Neutral,0.63,0
93,Bangalore,Corporate,10,0.52,Positive,0.35,0
94,Bangalore,Operations,23,-0.04,Neutral,0.66,0
95,Bangalore,Corporate,7,0.79,Positive,0.31,0
96,Bangalore,Operations,20,0.2,Neutral,0.5,0
97,Bangalore,Operations,69,-0.26,Negative,0.44,1
98,Bangalore,Operations,10,0.26,Positive,0.33,0
99,Bangalore,Support,42,0.7,Positive,0.21,0
100,Bangalore,Operations,12,-0.58,Negative,0.39,0
101,Bangalore,Support,19,-0.02,Neutral,0.74,0
102,Bangalore,Sales,14,-0.06,Neutral,0.4,0
103,Bangalore,Operations,58,0.33,Positive,0.24,0
104,Bangalore,Operations,38,0.5,Positive,0.35,0
105,Bangalore,Sales,22,-0.31,Negative,0.68,1
106,Bangalore,Corporate,26,0.22,Neutral,0.61,0
107,Bangalore,Engineering,47,0.31,Positive,0.32,0
108,Bangalore,Operations,57,-0.04,Neutral,0.36,0
109,Bangalore,Engineering,13,0.65,Positive,0.34,0
110,Bangalore,Engineering,21,-0.67,Negative,0.78,0
111,Bangalore,Operations,8,-0.25,Neutral,0.4,0
112,Bangalore,Sales,45,-0.74,Negative,0.45,0
113,Bangalore,Corporate,4,-0.6,Negative,0.52,0
114,Bangalore,Corporate,70,0.08,Neutral,0.38,0
115,Bangalore,Sales,70,0.03,Neutral,0.34,1
116,Bangalore,Operations,24,-0.32,Negative,0.79,0
117,Bangalore,Operations,7,-0.21,Neutral,0.4,0
118,Bangalore,Corporate,32,0.03,Neutral,0.68,0
119,Bangalore,Sales,17,-0.63,Negative,0.49,1
120,Bangalore,Sales,30,-0.48,Negative,0.77,0
121,Bangalore,Support,15,-0.59,Negative,0.51,0
122,Bangalore,Engineering,34,-0.17,Neutral,0.65,0
123,Bangalore,Operations,68,-0.57,Negative,0.52,0
124,Bangalore,Engineering,64,-0.28,Negative,0.32,0
125,Bangalore,Sales,32,-0.25,Neutral,0.67,0
126,Bangalore,Support,20,0.44,Positive,0.53,0
127,Bangalore,Corporate,41,-0.01,Neutral,0.45,0
128,Bangalore,Corporate,43,0.31,Positive,0.43,1
129,Bangalore,Engineering,38,0.08,Neutral,0.45,0
130,Bangalore,Operations,70,-0.39,Negative,0.48,0
131,Bangalore,Engineering,32,-0.31,Negative,0.68,1
132,Bangalore,Sales,23,-0.06,Neutral,0.67,0
133,Bangalore,Corporate,8,0.09,Neutral,0.39,0
134,Bangalore,Sales,31,-0.05,Neutral,0.7,0
135,Bangalore,Engineering,54,-0.32,Negative,0.42,0
136,Bangalore,Operations,33,-0.33,Negative,0.72,0
137,Bangalore,Sales,45,-0.02,Neutral,0.4,0
138,Bangalore,Operations,9,-0.18,Neutral,0.44,0
139,Bangalore,Operations,50,-0.26,Negative,0.45,1
140,Bangalore,Support,8,0.61,Positive,0.27,0
141,Bangalore,Sales,22,-0.3,Negative,0.73,1
142,Bangalore,Corporate,24,0.05,Neutral,0.62,0
143,Bangalore,Corporate,15,0.13,Neutral,0.38,0
144,Bangalore,Sales,40,0.21,Neutral,0.36,0
145,Bangalore,Support,31,0.78,Positive,0.45,0
146,Bangalore,Corporate,31,-0.23,Neutral,0.69,1
147,Bangalore,Support,19,0.47,Positive,0.65,0
148,Bangalore,Operations,35,0.19,Neutral,0.59,0
149,Bangalore,Operations,28,0.01,Neutral,0.64,0
150,Bangalore,Support,29,-0.32,Negative,0.72,0
151,Bangalore,Engineering,17,-0.08,Neutral,0.37,0
152,Bangalore,Sales,15,0.22,Neutral,0.39,0
153,Bangalore,Engineering,38,0.5,Positive,0.39,0
154,Bangalore,Operations,63,0.27,Positive,0.33,0
155,Bangalore,Sales,33,0.04,Neutral,0.75,0
156,Bangalore,Operations,35,0.73,Positive,0.52,0
157,Bangalore,Corporate,30,0.5,Positive,0.6,0
158,Bangalore,Engineering,22,-0.28,Negative,0.7,0
159,Bangalore,Support,16,-0.53,Negative,0.41,0
160,Bangalore,Support,26,-0.13,Neutral,0.65,0
161,Bangalore,Engineering,15,0.34,Positive,0.34,1
162,Bangalore,Corporate,49,0.01,Neutral,0.38,0
163,Bangalore,Engineering,31,-0.01,Neutral,0.62,0
164,Bangalore,Corporate,14,-0.26,Negative,0.46,0
165,Bangalore,Support,17,-0.19,Neutral,0.49,0
166,Bangalore,Support,20,-0.67,Negative,0.81,0
167,Bangalore,Support,63,0.45,Positive,0.45,0
168,Bangalore,Corporate,4,-0.53,Negative,0.51,0
169,Bangalore,Operations,24,-0.27,Negative,0.57,1
170,Bangalore,Sales,64,0.25,Neutral,0.22,0
171,Bangalore,Corporate,51,-0.36,Negative,0.48,1
172,Bangalore,Sales,17,-0.14,Neutral,0.42,0
173,Bangalore,Corporate,10,0.12,Neutral,0.39,0
174,Bangalore,Engineering,37,0.25,Positive,0.35,1
175,Bangalore,Sales,22,0.32,Positive,0.54,0
176,Bangalore,Corporate,18,0.24,Neutral,0.55,0
177,Bangalore,Support,16,-0.32,Negative,0.38,1
178,Bangalore,Sales,33,0.24,Neutral,0.6,0
179,Bangalore,Support,7,-0.67,Negative,0.51,0
180,Bangalore,Operations,17,-0.19,Neutral,0.45,0
181,Bangalore,Support,6,-0.69,Negative,0.5,0
182,Bangalore,Sales,33,0.01,Neutral,0.65,1
183,Bangalore,Corporate,23,0.23,Neutral,0.58,0
184,Bangalore,Operations,42,0.07,Neutral,0.28,1
185,Bangalore,Sales,28,0.1,Neutral,0.69,0
186,Bangalore,Support,19,0.27,Positive,0.56,0
187,Bangalore,Engineering,11,-0.5,Negative,0.46,0
188,Bangalore,Support,4,-0.08,Neutral,0.41,0
189,Bangalore,Sales,20,0.49,Positive,0.62,0
190,Bangalore,Corporate,46,0.1,Neutral,0.47,1
191,Bangalore,Engineering,16,-0.49,Negative,0.44,0
192,Bangalore,Sales,3,-0.57,Negative,0.53,0
193,Bangalore,Sales,37,0.14,Neutral,0.48,0
194,Bangalore,Sales,71,0.36,Positive,0.38,1
195,Bangalore,Corporate,18,-0.11,Neutral,0.69,1
196,Bangalore,Corporate,29,-0.36,Negative,0.74,1
197,Bangalore,Sales,8,0.08,Neutral,0.42,1
198,Bangalore,Engineering,12,-0.53,Negative,0.44,0
199,Bangalore,Support,39,0.06,Neutral,0.36,0
200,Bangalore,Operations,29,0.03,Neutral,0.75,0
201,Bangalore,Support,20,-0.46,Negative,0.79,0
202,Bangalore,Corporate,68,0.76,Positive,0.27,0
203,Bangalore,Support,29,-0.12,Neutral,0.62,1
204,Bangalore,Support,6,0.13,Neutral,0.39,0
205,Bangalore,Operations,22,-0.34,Negative,0.7,0
206,Bangalore,Support,20,-0.37,Negative,0.68,0
207,Bangalore,Support,18,-0.31,Negative,0.67,0
208,Bangalore,Corporate,13,0.32,Positive,0.34,0
209,Bangalore,Sales,18,0.04,Neutral,0.71,1
210,Bangalore,Operations,12,-0.11,Neutral,0.44,0
211,Bangalore,Sales,7,-0.24,Neutral,0.46,0
212,Bangalore,Sales,56,0.06,Neutral,0.4,0
213,Bangalore,Engineering,56,-0.95,Negative,0.54,0
214,Bangalore,Corporate,26,0.6,Positive,0.57,1
215,Bangalore,Sales,9,-0.1,Neutral,0.39,0
216,Bangalore,Sales,50,-0.31,Negative,0.51,1
217,Bangalore,Engineering,33,-0.04,Neutral,0.67,0
218,Bangalore,Sales,24,0.12,Neutral,0.69,0
219,Bangalore,Corporate,21,-0.08,Neutral,0.68,0
220,Bangalore,Operations,4,-0.39,Negative,0.47,0
221,Bangalore,Engineering,65,-0.12,Neutral,0.52,0
222,Bangalore,Corporate,47,0.19,Neutral,0.33,0
223,Bangalore,Support,18,0.01,Neutral,0.65,1
224,Bangalore,Support,4,-0.1,Neutral,0.44,0
225,Bangalore,Support,12,0.53,Positive,0.35,0
226,Bangalore,Support,51,0.09,Neutral,0.4,1
227,Bangalore,Sales,32,0.05,Neutral,0.7,0
228,Bangalore,Engineering,57,0.01,Neutral,0.41,0
229,Bangalore,Corporate,11,0.15,Neutral,0.36,1
230,Bangalore,Corporate,15,0.04,Neutral,0.35,1
231,Bangalore,Operations,23,-0.09,Neutral,0.72,1
232,Bangalore,Support,27,-0.32,Negative,0.74,0
233,Bangalore,Operations,47,0.23,Neutral,0.4,0
234,Bangalore,Operations,6,0.07,Neutral,0.32,0
235,Bangalore,Operations,23,0.33,Positive,0.63,0
236,Bangalore,Operations,20,0.02,Neutral,0.65,1
237,Bangalore,Corporate,52,-0.24,Neutral,0.46,0
238,Bangalore,Support,24,-0.49,Negative,0.72,1
239,Bangalore,Engineering,36,-0.26,Negative,0.67,0
240,Bangalore,Support,10,-0.14,Neutral,0.41,0
241,Bangalore,Corporate,23,-0.21,Neutral,0.76,1
242,Bangalore,Sales,31,-0.78,Negative,0.81,0
243,Bangalore,Corporate,25,-0.08,Neutral,0.69,1
244,Bangalore,Engineering,20,-0.49,Negative,0.75,0
245,Bangalore,Engineering,16,-0.36,Negative,0.41,0
246,Bangalore,Sales,33,-0.57,Negative,0.76,0
247,Bangalore,Operations,57,-0.26,Negative,0.54,0
248,Bangalore,Corporate,45,-0.1,Neutral,0.49,1
249,Bangalore,Engineering,15,-0.23,Neutral,0.46,0
250,Bangalore,Support,38,-0.16,Neutral,0.58,0
251,Bangalore,Support,40,-0.06,Neutral,0.34,0
252,Bangalore,Sales,43,0.17,Neutral,0.37,0
253,Bangalore,Corporate,17,-0.22,Neutral,0.41,0
254,Bangalore,Engineering,54,-0.09,Neutral,0.48,0
255,Bangalore,Operations,28,-0.52,Negative,0.71,0
256,Bangalore,Operations,60,-0.28,Negative,0.38,0
257,Bangalore,Support,29,-0.21,Neutral,0.58,0
258,Bangalore,Corporate,57,-0.45,Negative,0.44,1
259,Bangalore,Engineering,16,0.47,Positive,0.31,0
260,Bangalore,Operations,46,-0.27,Negative,0.46,0
261,Bangalore,Operations,17,-0.28,Negative,0.48,0
262,Bangalore,Support,70,0.41,Positive,0.31,0
263,Bangalore,Operations,48,0.2,Neutral,0.39,0
264,Bangalore,Operations,49,-0.86,Negative,0.57,0
265,Bangalore,Operations,49,0.15,Neutral,0.36,0
266,Bangalore,Engineering,44,-0.09,Neutral,0.42,0
267,Bangalore,Corporate,54,0.02,Neutral,0.36,1
268,Bangalore,Operations,60,0.13,Neutral,0.46,0
269,Bangalore,Support,57,0.16,Neutral,0.34,0
270,Bangalore,Corporate,16,-0.12,Neutral,0.34,1
271,Bangalore,Support,11,-0.28,Negative,0.45,0
272,Bangalore,Engineering,14,-0.13,Neutral,0.45,0
273,Bangalore,Support,6,-0.19,Neutral,0.31,0
274,Bangalore,Sales,22,0.22,Neutral,0.61,0
275,Bangalore,Corporate,21,-0.98,Negative,0.72,0
276,Bangalore,Engineering,27,0.0,Neutral,0.66,0
277,Bangalore,Corporate,44,0.2,Neutral,0.34,0
278,Bangalore,Corporate,32,-0.12,Neutral,0.64,0
279,Bangalore,Engineering,31,0.19,Neutral,0.56,0
280,Bangalore,Corporate,9,-0.27,Negative,0.45,0
281,Bangalore,Sales,3,-0.39,Negative,0.35,1
282,Bangalore,Sales,15,0.3,Positive,0.31,0
283,Bangalore,Engineering,25,-0.5,Negative,0.73,0
284,Bangalore,Sales,29,0.35,Positive,0.6,1
285,Bangalore,Engineering,5,-0.04,Neutral,0.36,0
286,Bangalore,Engineering,35,0.54,Positive,0.53,0
287,Bangalore,Operations,26,-0.23,Neutral,0.7,0
288,Bangalore,Support,27,-0.54,Negative,0.73,1
289,Bangalore,Operations,3,0.36,Positive,0.42,0
290,Bangalore,Engineering,29,-0.0,Neutral,0.71,1
291,Bangalore,Support,3,0.09,Neutral,0.39,1
292,Bangalore,Corporate,41,-0.73,Negative,0.49,0
293,Bangalore,Engineering,70,0.31,Positive,0.37,1
294,Bangalore,Corporate,39,0.82,Positive,0.19,0
295,Bangalore,Support,14,-0.54,Negative,0.44,0
296,Bangalore,Corporate,24,-0.28,Negative,0.72,0
297,Bangalore,Support,29,-0.26,Negative,0.62,0
298,Bangalore,Corporate,7,0.48,Positive,0.41,0
299,Bangalore,Engineering,29,-0.04,Neutral,0.64,0
300,Bangalore,Sales,26,-0.02,Neutral,0.64,0
301,Bangalore,Engineering,30,-0.18,Neutral,0.71,0
302,Bangalore,Support,39,-0.04,Neutral,0.41,1
303,Bangalore,Corporate,12,-0.49,Negative,0.43,0
304,Bangalore,Corporate,9,-0.07,Neutral,0.46,0
305,Bangalore,Operations,20,-0.29,Negative,0.74,0
306,Bangalore,Engineering,11,0.18,Neutral,0.41,0
307,Bangalore,Operations,25,-0.16,Neutral,0.64,0
308,Bangalore,Sales,25,-0.26,Negative,0.68,0
309,Bangalore,Sales,25,-0.49,Negative,0.75,1
310,Bangalore,Engineering,10,0.3,Positive,0.37,0
311,Bangalore,Sales,26,-1.0,Negative,0.81,0
312,Bangalore,Corporate,27,-0.65,Negative,0.74,0
313,Bangalore,Sales,34,-0.49,Negative,0.71,1
314,Bangalore,Engineering,22,0.15,Neutral,0.67,1
315,Bangalore,Operations,19,-0.4,Negative,0.77,0
316,Bangalore,Corporate,20,-0.01,Neutral,0.66,0
317,Bangalore,Operations,35,-0.95,Negative,0.79,0
318,Bangalore,Support,30,-0.03,Neutral,0.66,1
319,Bangalore,Support,32,-0.1,Neutral,0.62,0
320,Bangalore,Sales,42,0.33,Positive,0.33,0
321,Bangalore,Sales,17,0.24,Neutral,0.44,0
322,Bangalore,Engineering,27,-0.22,Neutral,0.78,0
323,Bangalore,Corporate,24,0.0,Neutral,0.62,0
324,Bangalore,Engineering,10,-0.18,Neutral,0.29,0
325,Bangalore,Support,60,0.61,Positive,0.32,0
326,Bangalore,Corporate,3,-0.18,Neutral,0.44,0
327,Bangalore,Support,9,0.25,Neutral,0.3,0
328,Bangalore,Operations,31,-0.43,Negative,0.68,0
329,Bangalore,Sales,25,-0.16,Neutral,0.76,0
330,Bangalore,Support,30,0.35,Positive,0.66,0
331,Bangalore,Corporate,3,0.35,Positive,0.38,0
332,Bangalore,Engineering,19,-0.51,Negative,0.77,0
333,Bangalore,Sales,29,-0.48,Negative,0.71,0
334,Bangalore,Operations,28,-0.56,Negative,0.74,1
335,Bangalore,Support,10,-0.1,Neutral,0.42,0
336,Bangalore,Sales,26,-0.18,Neutral,0.6,0
337,Bangalore,Operations,53,0.09,Neutral,0.36,0
338,Bangalore,Support,51,-0.32,Negative,0.47,0
339,Bangalore,Support,22,0.42,Positive,0.6,1
340,Bangalore,Support,16,-0.54,Negative,0.51,1
341,Bangalore,Corporate,19,-0.11,Neutral,0.64,1
342,Bangalore,Engineering,62,1.0,Positive,0.18,0
343,Bangalore,Sales,70,-0.75,Negative,0.56,0
344,Bangalore,Corporate,34,-0.35,Negative,0.67,0
345,Bangalore,Engineering,46,0.05,Neutral,0.35,0
346,Bangalore,Support,31,-0.38,Negative,0.76,0
347,Bangalore,Sales,18,-0.14,Neutral,0.75,1
348,Bangalore,Operations,26,-0.59,Negative,0.69,0
349,Bangalore,Operations,34,0.14,Neutral,0.69,0
350,Bangalore,Engineering,58,0.23,Neutral,0.25,1
351,Bangalore,Operations,11,-0.48,Negative,0.42,0
352,Bangalore,Corporate,15,0.33,Positive,0.39,0
353,Bangalore,Support,16,-0.23,Neutral,0.39,0
354,Bangalore,Sales,10,-0.55,Negative,0.39,0
355,Bangalore,Support,24,-0.88,Negative,0.77,0
356,Bangalore,Operations,29,-0.52,Negative,0.72,0
357,Bangalore,Corporate,9,0.12,Neutral,0.33,0
358,Bangalore,Support,23,0.35,Positive,0.43,0
359,Bangalore,Operations,5,-0.63,Negative,0.48,0
360,Bangalore,Corporate,20,-0.16,Neutral,0.58,0
361,Bangalore,Operations,5,-0.49,Negative,0.42,0
362,Bangalore,Support,38,-0.09,Neutral,0.42,0
363,Bangalore,Corporate,12,0.14,Neutral,0.37,0
364,Bangalore,Corporate,17,0.53,Positive,0.29,1
365,Bangalore,Operations,48,-0.3,Negative,0.46,0
366,Bangalore,Sales,53,0.04,Neutral,0.39,0
367,Bangalore,Engineering,23,-0.57,Negative,0.75,0
368,Bangalore,Sales,25,0.18,Neutral,0.73,0
369,Bangalore,Support,22,-0.03,Neutral,0.61,1
370,Bangalore,Engineering,57,0.18,Neutral,0.31,0
371,Bangalore,Corporate,20,-0.15,Neutral,0.62,0
372,Bangalore,Engineering,28,-0.28,Negative,0.68,1
373,Bangalore,Corporate,24,-0.14,Neutral,0.7,0
374,Bangalore,Operations,8,-0.4,Negative,0.45,1
375,Bangalore,Engineering,27,-0.01,Neutral,0.57,0
376,Bangalore,Sales,6,-0.44,Negative,0.37,0
377,Bangalore,Sales,53,-0.59,Negative,0.5,0
378,Bangalore,Operations,9,0.14,Neutral,0.37,0
379,Bangalore,Corporate,68,0.29,Positive,0.39,0
380,Bangalore,Sales,31,0.03,Neutral,0.62,0
381,Bangalore,Support,22,-0.34,Negative,0.7,1
382,Bangalore,Corporate,3,0.16,Neutral,0.37,0
383,Bangalore,Support,33,-0.05,Neutral,0.67,0
384,Bangalore,Engineering,39,0.55,Positive,0.22,0
385,Bangalore,Engineering,67,0.1,Neutral,0.45,0
386,Bangalore,Corporate,56,0.01,Neutral,0.29,0
387,Bangalore,Corporate,30,0.62,Positive,0.5,0
388,Bangalore,Support,30,-0.07,Neutral,0.72,0
389,Bangalore,Support,8,-0.35,Negative,0.39,0
390,Bangalore,Operations,20,-0.28,Negative,0.66,0
391,Bangalore,Sales,19,0.37,Positive,0.48,0
392,Bangalore,Corporate,48,0.09,Neutral,0.5,0
393,Bangalore,Operations,31,0.0,Neutral,0.63,1
394,Bangalore,Corporate,3,0.82,Positive,0.22,0
395,Bangalore,Engineering,35,0.03,Neutral,0.66,0
396,Bangalore,Corporate,32,0.02,Neutral,0.63,0
397,Bangalore,Engineering,53,-0.2,Neutral,0.48,0
398,Bangalore,Corporate,20,-0.2,Neutral,0.75,0
399,Bangalore,Operations,14,-0.17,Neutral,0.39,0
400,Bangalore,Engineering,32,-0.06,Neutral,0.63,0
401,Bangalore,Operations,7,0.13,Neutral,0.33,0
402,Bangalore,Corporate,23,0.12,Neutral,0.56,0
403,Bangalore,Operations,57,-0.36,Negative,0.37,0
404,Bangalore,Engineering,19,-0.09,Neutral,0.71,0
405,Bangalore,Engineering,26,-0.13,Neutral,0.7,1
406,Bangalore,Corporate,14,0.11,Neutral,0.34,0
407,Bangalore,Support,50,0.02,Neutral,0.4,0
408,Bangalore,Corporate,23,-0.69,Negative,0.74,0
409,Bangalore,Corporate,16,-0.08,Neutral,0.34,0
410,Bangalore,Operations,13,-0.35,Negative,0.46,0
411,Bangalore,Support,5,-0.46,Negative,0.46,0
412,Bangalore,Sales,7,-0.18,Neutral,0.4,0
413,Bangalore,Operations,70,-0.71,Negative,0.43,0
414,Bangalore,Operations,5,0.48,Positive,0.42,0
415,Bangalore,Engineering,40,0.12,Neutral,0.43,0
416,Bangalore,Engineering,4,-0.03,Neutral,0.44,0
417,Bangalore,Engineering,29,0.16,Neutral,0.66,1
418,Bangalore,Operations,52,0.08,Neutral,0.45,0
419,Bangalore,Corporate,65,0.05,Neutral,0.4,1
420,Bangalore,Operations,37,0.51,Positive,0.4,1
421,Bangalore,Operations,65,-0.59,Negative,0.52,0
422,Bangalore,Corporate,22,0.0,Neutral,0.65,1
423,Bangalore,Sales,47,-0.17,Neutral,0.39,0
424,Bangalore,Operations,4,-0.19,Neutral,0.42,0
425,Bangalore,Support,58,-0.52,Negative,0.43,0
426,Bangalore,Sales,61,-0.24,Neutral,0.39,0
427,Bangalore,Engineering,33,-0.13,Neutral,0.58,0
428,Bangalore,Operations,33,0.09,Neutral,0.72,0
429,Bangalore,Operations,48,-0.2,Neutral,0.47,0
430,Bangalore,Support,35,-0.03,Neutral,0.64,0
431,Bangalore,Support,24,-0.22,Neutral,0.82,0
432,Bangalore,Sales,20,-0.11,Neutral,0.73,0
433,Bangalore,Sales,19,-0.34,Negative,0.74,0
434,Bangalore,Support,3,-0.05,Neutral,0.32,0
435,Bangalore,Engineering,15,-0.37,Negative,0.41,0
436,Bangalore,Operations,43,-0.33,Negative,0.41,0
437,Bangalore,Engineering,35,0.38,Positive,0.62,0
438,Bangalore,Operations,56,-0.05,Neutral,0.39,0
439,Bangalore,Engineering,11,-0.6,Negative,0.53,0
440,Bangalore,Support,70,-0.33,Negative,0.39,0
441,Bangalore,Sales,43,0.21,Neutral,0.45,0
442,Bangalore,Sales,22,0.14,Neutral,0.72,0
443,Bangalore,Sales,17,-0.45,Negative,0.41,0
444,Bangalore,Corporate,35,-0.31,Negative,0.65,0
445,Bangalore,Operations,71,0.21,Neutral,0.44,0
446,Bangalore,Support,19,0.25,Neutral,0.59,1
447,Bangalore,Corporate,4,0.01,Neutral,0.34,0
448,Bangalore,Sales,33,0.32,Positive,0.64,1
449,Bangalore,Sales,10,-0.43,Negative,0.55,0
450,Bangalore,Engineering,15,-0.32,Negative,0.43,0
451,Pune,Corporate,60,-0.15,Neutral,0.29,0
452,Pune,Support,21,0.32,Positive,0.46,0
453,Pune,Operations,56,0.67,Positive,0.19,0
454,Pune,Corporate,43,-0.04,Neutral,0.26,1
455,Pune,Support,19,0.07,Neutral,0.5,0
456,Pune,Sales,21,-0.02,Neutral,0.53,1
457,Pune,Engineering,35,0.19,Neutral,0.4,1
458,Pune,Engineering,50,-0.76,Negative,0.35,0
459,Pune,Corporate,49,-0.45,Negative,0.33,0
460,Pune,Engineering,3,-0.19,Neutral,0.29,0
461,Pune,Engineering,21,0.06,Neutral,0.49,0
462,Pune,Engineering,30,0.06,Neutral,0.51,0
463,Pune,Corporate,67,-0.04,Neutral,0.24,0
464,Pune,Corporate,67,0.82,Positive,0.23,1
465,Pune,Support,51,-0.03,Neutral,0.23,0
466,Pune,Support,29,0.12,Neutral,0.47,0
467,Pune,Sales,11,-0.17,Neutral,0.34,0
468,Pune,Sales,39,-1.0,Negative,0.4,0
469,Pune,Engineering,21,-0.03,Neutral,0.53,0
470,Pune,Operations,70,0.47,Positive,0.16,0
471,Pune,Engineering,35,-0.26,Negative,0.56,1
472,Pune,Engineering,16,-0.11,Neutral,0.25,0
473,Pune,Operations,30,-0.4,Negative,0.58,0
474,Pune,Support,7,0.17,Neutral,0.21,1
475,Pune,Sales,17,-0.24,Neutral,0.34,0
476,Pune,Support,6,0.85,Positive,0.19,0
477,Pune,Support,71,-0.69,Negative,0.32,0
478,Pune,Operations,21,0.24,Neutral,0.35,0
479,Pune,Sales,7,-0.28,Negative,0.23,1
480,Pune,Support,14,-0.46,Negative,0.36,0
481,Pune,Support,30,0.1,Neutral,0.5,0
482,Pune,Sales,13,-0.27,Negative,0.36,1
483,Pune,Corporate,66,0.31,Positive,0.29,0
484,Pune,Corporate,13,0.25,Neutral,0.12,0
485,Pune,Sales,56,0.23,Neutral,0.18,0
486,Pune,Engineering,23,0.24,Neutral,0.46,0
487,Pune,Operations,17,0.13,Neutral,0.2,0
488,Pune,Support,21,0.42,Positive,0.46,0
489,Pune,Sales,12,0.35,Positive,0.13,1
490,Pune,Sales,23,0.43,Positive,0.44,0
491,Pune,Corporate,71,0.31,Positive,0.24,0
492,Pune,Support,55,-0.31,Negative,0.26,0
493,Pune,Support,18,0.23,Neutral,0.56,0
494,Pune,Operations,8,0.54,Positive,0.14,0
495,Pune,Sales,26,0.47,Positive,0.44,0
496,Pune,Corporate,19,-0.01,Neutral,0.52,1
497,Pune,Sales,15,-0.7,Negative,0.34,0
498,Pune,Support,26,0.08,Neutral,0.44,0
499,Pune,Engineering,20,0.24,Neutral,0.52,0
500,Pune,Operations,16,0.43,Positive,0.32,0
501,Pune,Operations,54,-0.01,Neutral,0.27,0
502,Pune,Sales,34,-0.29,Negative,0.49,1
503,Pune,Sales,31,-0.48,Negative,0.56,0
504,Pune,Sales,59,0.22,Neutral,0.23,0
505,Pune,Engineering,20,-0.64,Negative,0.64,1
506,Pune,Corporate,12,-0.72,Negative,0.32,0
507,Pune,Engineering,20,-0.23,Neutral,0.55,1
508,Pune,Sales,18,-0.1,Neutral,0.47,1
509,Pune,Corporate,22,-0.04,Neutral,0.49,0
510,Pune,Corporate,27,-0.09,Neutral,0.5,1
511,Pune,Operations,24,-0.5,Negative,0.58,0
512,Pune,Support,33,-0.34,Negative,0.47,1
513,Pune,Engineering,28,0.07,Neutral,0.51,1
514,Pune,Sales,44,-0.68,Negative,0.39,0
515,Pune,Corporate,29,-0.08,Neutral,0.55,0
516,Pune,Support,22,0.09,Neutral,0.56,0
517,Pune,Support,18,0.02,Neutral,0.53,0
518,Pune,Corporate,5,0.15,Neutral,0.25,0
519,Pune,Corporate,9,0.15,Neutral,0.2,0
520,Pune,Sales,48,-0.12,Neutral,0.3,0
521,Pune,Engineering,6,0.59,Positive,0.26,0
522,Pune,Sales,50,-0.93,Negative,0.46,0
523,Pune,Support,60,0.27,Positive,0.26,0
524,Pune,Sales,8,0.34,Positive,0.09,0
525,Pune,Support,62,0.62,Positive,0.11,0
526,Pune,Corporate,26,-0.32,Negative,0.6,1
527,Pune,Sales,53,0.18,Neutral,0.32,0
528,Pune,Corporate,46,0.42,Positive,0.13,0
529,Pune,Support,12,-0.21,Neutral,0.34,0
530,Pune,Corporate,61,-0.19,Neutral,0.38,0
531,Pune,Operations,17,-0.2,Neutral,0.22,0
532,Pune,Sales,24,0.73,Positive,0.47,1
533,Pune,Engineering,42,-0.57,Negative,0.36,0
534,Pune,Support,16,0.21,Neutral,0.21,0
535,Pune,Operations,41,-0.11,Neutral,0.26,0
536,Pune,Operations,10,-0.31,Negative,0.28,0
537,Pune,Operations,69,0.44,Positive,0.2,0
538,Pune,Sales,14,-0.13,Neutral,0.25,0
539,Pune,Support,33,0.02,Neutral,0.43,0
540,Pune,Engineering,10,0.47,Positive,0.24,0
541,Pune,Sales,32,0.67,Positive,0.44,0
542,Pune,Engineering,6,-0.49,Negative,0.38,1
543,Pune,Support,16,-0.63,Negative,0.29,0
544,Pune,Corporate,25,-0.54,Negative,0.51,0
545,Pune,Support,13,-0.03,Neutral,0.28,0
546,Pune,Operations,14,0.45,Positive,0.22,0
547,Pune,Engineering,39,0.39,Positive,0.15,0
548,Pune,Sales,60,0.28,Positive,0.18,0
549,Pune,Sales,14,-0.2,Neutral,0.3,0
550,Pune,Support,18,-0.28,Negative,0.49,0
551,Pune,Operations,33,-0.14,Neutral,0.56,0
552,Pune,Operations,31,-0.49,Negative,0.62,0
553,Pune,Sales,18,0.06,Neutral,0.55,0
554,Pune,Support,34,0.13,Neutral,0.5,0
555,Pune,Sales,5,-0.54,Negative,0.38,1
556,Pune,Corporate,22,0.34,Positive,0.52,0
557,Pune,Engineering,48,-0.5,Negative,0.26,0
558,Pune,Operations,4,-0.08,Neutral,0.21,0
559,Pune,Operations,16,0.49,Positive,0.16,0
560,Pune,Engineering,21,0.43,Positive,0.48,0
561,Pune,Sales,16,-0.28,Negative,0.42,0
562,Pune,Operations,57,-0.25,Negative,0.31,1
563,Pune,Operations,24,-0.37,Negative,0.52,0
564,Pune,Sales,71,-0.09,Neutral,0.24,0
565,Pune,Corporate,31,0.3,Positive,0.51,0
566,Pune,Sales,65,0.1,Neutral,0.23,0
567,Pune,Corporate,36,0.36,Positive,0.43,0
568,Pune,Operations,22,-0.37,Negative,0.52,0
569,Pune,Corporate,18,0.14,Neutral,0.48,0
570,Pune,Operations,12,0.32,Positive,0.23,0
571,Pune,Corporate,69,0.17,Neutral,0.2,0
572,Pune,Sales,24,-0.06,Neutral,0.45,0
573,Pune,Support,52,-0.06,Neutral,0.27,0
574,Pune,Engineering,18,0.01,Neutral,0.4,0
575,Pune,Sales,41,-0.22,Neutral,0.25,0
576,Pune,Engineering,62,0.14,Neutral,0.2,0
577,Pune,Engineering,33,-0.13,Neutral,0.5,0
578,Pune,Sales,33,0.66,Positive,0.43,1
579,Pune,Operations,15,0.03,Neutral,0.26,0
580,Pune,Sales,20,0.49,Positive,0.42,0
581,Pune,Operations,18,0.05,Neutral,0.46,1
582,Pune,Corporate,7,-0.19,Neutral,0.26,0
583,Pune,Sales,23,0.06,Neutral,0.44,0
584,Pune,Support,30,-0.49,Negative,0.58,0
585,Pune,Support,49,0.13,Neutral,0.22,0
586,Pune,Support,11,0.68,Positive,0.14,0
587,Pune,Engineering,68,0.53,Positive,0.19,0
588,Pune,Corporate,22,0.49,Positive,0.46,0
589,Pune,Support,3,0.47,Positive,0.09,0
590,Pune,Sales,32,-0.23,Neutral,0.49,1
591,Pune,Engineering,27,-0.03,Neutral,0.53,0
592,Pune,Sales,25,-0.22,Neutral,0.53,0
593,Pune,Support,12,0.24,Neutral,0.29,0
594,Pune,Corporate,25,0.13,Neutral,0.54,0
595,Pune,Operations,55,0.03,Neutral,0.24,0
596,Pune,Corporate,58,0.05,Neutral,0.15,0
597,Pune,Sales,33,-0.38,Negative,0.51,0
598,Pune,Operations,32,-0.13,Neutral,0.48,0
599,Pune,Sales,33,0.2,Neutral,0.49,0
600,Pune,Engineering,24,0.2,Neutral,0.42,0
601,Pune,Support,11,0.29,Positive,0.24,1
602,Pune,Engineering,28,0.19,Neutral,0.46,0
603,Pune,Operations,17,0.58,Positive,0.18,0
604,Pune,Operations,31,-0.03,Neutral,0.43,0
605,Pune,Sales,15,-0.15,Neutral,0.33,0
606,Pune,Corporate,9,-0.03,Neutral,0.23,0
607,Pune,Corporate,16,0.59,Positive,0.25,0
608,Pune,Corporate,46,0.25,Neutral,0.35,0
609,Pune,Engineering,26,0.57,Positive,0.41,1
610,Pune,Corporate,16,-0.43,Negative,0.32,0
611,Pune,Corporate,47,0.08,Neutral,0.32,0
612,Pune,Support,61,-0.1,Neutral,0.26,0
613,Pune,Sales,34,-0.32,Negative,0.49,0
614,Pune,Engineering,19,-0.37,Negative,0.57,1
615,Pune,Sales,62,0.14,Neutral,0.25,1
616,Pune,Operations,35,-0.07,Neutral,0.55,1
617,Pune,Engineering,4,0.68,Positive,0.09,0
618,Pune,Operations,34,-0.06,Neutral,0.48,0
619,Pune,Support,25,-0.02,Neutral,0.52,0
620,Pune,Support,25,-0.45,Negative,0.61,0
621,Pune,Sales,4,-0.08,Neutral,0.17,0
622,Pune,Engineering,33,-0.31,Negative,0.64,0
623,Pune,Operations,37,0.1,Neutral,0.22,0
624,Pune,Support,24,0.13,Neutral,0.5,0
625,Pune,Sales,57,0.22,Neutral,0.24,0
626,Pune,Corporate,15,0.02,Neutral,0.12,0
627,Pune,Support,55,-0.54,Negative,0.32,1
628,Pune,Sales,28,-0.14,Neutral,0.51,0
629,Pune,Corporate,8,-0.34,Negative,0.35,0
630,Pune,Operations,3,-0.12,Neutral,0.2,1
631,Pune,Engineering,48,-0.06,Neutral,0.31,0
632,Pune,Support,20,0.24,Neutral,0.47,0
633,Pune,Corporate,8,-0.58,Negative,0.37,0
634,Pune,Corporate,12,0.59,Positive,0.14,0
635,Pune,Engineering,15,0.28,Positive,0.12,1
636,Pune,Engineering,26,0.21,Neutral,0.48,1
637,Pune,Corporate,15,0.16,Neutral,0.21,1
638,Pune,Corporate,35,0.09,Neutral,0.41,0
639,Pune,Engineering,14,-0.21,Neutral,0.31,0
640,Pune,Engineering,31,0.38,Positive,0.42,0
641,Pune,Operations,34,-1.0,Negative,0.68,0
642,Pune,Sales,25,-0.29,Negative,0.62,1
643,Pune,Support,43,0.27,Positive,0.2,0
644,Pune,Engineering,22,-0.05,Neutral,0.48,0
645,Pune,Support,25,0.04,Neutral,0.57,0
646,Pune,Sales,66,-0.03,Neutral,0.13,0
647,Pune,Sales,69,-0.52,Negative,0.32,1
648,Pune,Operations,3,-0.34,Negative,0.26,0
649,Pune,Operations,22,-0.22,Neutral,0.57,0
650,Pune,Engineering,11,-0.38,Negative,0.33,1
651,Pune,Sales,13,0.43,Positive,0.13,0
652,Pune,Support,26,0.24,Neutral,0.41,0
653,Pune,Corporate,31,0.63,Positive,0.41,0
654,Pune,Engineering,6,-0.63,Negative,0.32,1
655,Pune,Operations,25,0.14,Neutral,0.51,0
656,Pune,Corporate,8,0.36,Positive,0.22,0
657,Pune,Operations,3,-0.24,Neutral,0.3,0
658,Pune,Operations,4,-0.83,Negative,0.48,0
659,Pune,Sales,27,0.35,Positive,0.37,0
660,Pune,Sales,40,0.39,Positive,0.21,0
661,Pune,Operations,29,0.16,Neutral,0.54,1
662,Pune,Operations,16,0.26,Positive,0.23,0
663,Pune,Support,9,0.38,Positive,0.17,0
664,Pune,Support,25,0.07,Neutral,0.52,0
665,Pune,Corporate,29,0.48,Positive,0.37,0
666,Pune,Corporate,10,0.35,Positive,0.21,0
667,Pune,Operations,28,-0.19,Neutral,0.56,1
668,Pune,Operations,22,-0.42,Negative,0.62,0
669,Pune,Engineering,43,-0.68,Negative,0.31,1
670,Pune,Support,57,-0.34,Negative,0.29,1
671,Pune,Support,12,-0.57,Negative,0.32,0
672,Pune,Sales,33,0.34,Positive,0.39,0
673,Pune,Corporate,24,0.11,Neutral,0.55,0
674,Pune,Support,25,0.23,Neutral,0.47,0
675,Pune,Support,22,0.23,Neutral,0.5,1
676,Pune,Operations,70,-0.24,Neutral,0.25,0
677,Pune,Corporate,46,0.31,Positive,0.2,0
678,Pune,Engineering,58,-0.58,Negative,0.32,0
679,Pune,Support,13,0.67,Positive,0.17,0
680,Pune,Engineering,10,-0.06,Neutral,0.21,0
681,Pune,Sales,17,0.47,Positive,0.12,0
682,Pune,Engineering,29,0.06,Neutral,0.54,0
683,Pune,Operations,49,0.26,Positive,0.18,0
684,Pune,Sales,27,-0.31,Negative,0.55,0
685,Pune,Corporate,32,-0.13,Neutral,0.55,0
686,Pune,Engineering,31,-0.14,Neutral,0.43,0
687,Pune,Support,53,0.61,Positive,0.12,0
688,Pune,Support,40,-0.21,Neutral,0.27,0
689,Pune,Corporate,37,-0.41,Negative,0.4,0
690,Pune,Support,5,0.14,Neutral,0.18,0
691,Pune,Corporate,33,-0.16,Neutral,0.47,0
692,Pune,Corporate,38,0.47,Positive,0.17,0
693,Pune,Corporate,35,-0.41,Negative,0.65,0
694,Pune,Sales,23,-0.31,Negative,0.6,1
695,Pune,Sales,27,0.12,Neutral,0.49,0
696,Pune,Operations,13,-0.16,Neutral,0.36,0
697,Pune,Corporate,18,0.22,Neutral,0.4,0
698,Pune,Corporate,35,0.04,Neutral,0.48,0
699,Pune,Sales,9,0.25,Neutral,0.19,0
700,Pune,Sales,34,0.24,Neutral,0.44,0
701,Pune,Operations,26,-0.46,Negative,0.56,1
702,Pune,Operations,48,-0.11,Neutral,0.26,0
703,Pune,Operations,53,0.17,Neutral,0.17,0
704,Pune,Engineering,6,-0.31,Negative,0.29,0
705,Pune,Support,71,0.16,Neutral,0.25,0
706,Pune,Sales,22,0.33,Positive,0.48,0
707,Pune,Corporate,28,0.09,Neutral,0.53,0
708,Pune,Sales,33,0.42,Positive,0.49,0
709,Pune,Sales,57,0.1,Neutral,0.17,0
710,Pune,Engineering,28,-0.6,Negative,0.59,1
711,Pune,Support,18,0.3,Positive,0.48,0
712,Pune,Corporate,20,0.05,Neutral,0.56,0
713,Pune,Corporate,26,0.07,Neutral,0.46,1
714,Pune,Sales,35,0.56,Positive,0.4,0
715,Pune,Support,48,-0.08,Neutral,0.24,0
716,Pune,Engineering,48,0.1,Neutral,0.26,0
717,Pune,Corporate,59,-0.46,Negative,0.23,0
718,Pune,Engineering,64,0.01,Neutral,0.2,0
719,Pune,Corporate,20,0.87,Positive,0.41,0
720,Pune,Operations,24,0.05,Neutral,0.51,0
721,Pune,Corporate,19,-0.09,Neutral,0.49,1
722,Pune,Sales,26,-0.26,Negative,0.44,0
723,Pune,Corporate,20,-0.12,Neutral,0.53,1
724,Pune,Engineering,29,-0.37,Negative,0.67,1
725,Pune,Sales,18,-0.01,Neutral,0.44,0
726,Pune,Support,8,-1.0,Negative,0.38,0
727,Pune,Operations,8,0.02,Neutral,0.32,0
728,Pune,Sales,16,0.53,Positive,0.24,0
729,Pune,Sales,5,0.1,Neutral,0.25,1
730,Pune,Support,26,-0.22,Neutral,0.54,0
731,Pune,Support,11,-0.1,Neutral,0.28,1
732,Pune,Corporate,27,0.07,Neutral,0.49,0
733,Pune,Operations,52,1.0,Positive,0.17,0
734,Pune,Operations,13,-0.24,Neutral,0.33,0
735,Pune,Sales,69,0.02,Neutral,0.3,1
736,Pune,Support,35,0.12,Neutral,0.52,0
737,Pune,Engineering,12,-0.48,Negative,0.25,0
738,Pune,Engineering,9,-0.07,Neutral,0.23,0
739,Pune,Corporate,14,-0.35,Negative,0.21,0
740,Pune,Sales,44,-0.4,Negative,0.33,1
741,Pune,Operations,14,-0.02,Neutral,0.24,1
742,Pune,Sales,24,-0.48,Negative,0.58,0
743,Pune,Sales,4,0.34,Positive,0.13,0
744,Pune,Engineering,69,0.2,Neutral,0.28,0
745,Pune,Corporate,34,0.11,Neutral,0.41,1
746,Pune,Sales,20,-0.38,Negative,0.61,0
747,Pune,Operations,70,-0.35,Negative,0.2,1
748,Pune,Engineering,24,-0.42,Negative,0.61,0
749,Pune,Corporate,3,0.4,Positive,0.24,0
750,Pune,Engineering,44,-0.31,Negative,0.18,0
751,Hyderabad,Engineering,29,0.38,Positive,0.3,1
752,Hyderabad,Support,31,0.47,Positive,0.35,0
753,Hyderabad,Sales,17,-0.0,Neutral,0.22,0
754,Hyderabad,Corporate,71,0.13,Neutral,0.17,0
755,Hyderabad,Operations,27,0.25,Positive,0.3,0
756,Hyderabad,Operations,16,0.47,Positive,0.15,0
757,Hyderabad,Engineering,9,0.63,Positive,0.05,0
758,Hyderabad,Corporate,35,0.14,Neutral,0.39,0
759,Hyderabad,Support,21,-0.03,Neutral,0.37,0
760,Hyderabad,Corporate,13,-0.21,Neutral,0.19,0
761,Hyderabad,Corporate,33,0.08,Neutral,0.3,0
762,Hyderabad,Operations,44,0.23,Neutral,0.15,0
763,Hyderabad,Support,69,-0.16,Neutral,0.17,0
764,Hyderabad,Operations,58,0.26,Positive,0.05,0
765,Hyderabad,Sales,65,0.38,Positive,0.06,0
766,Hyderabad,Sales,67,0.19,Neutral,0.13,0
767,Hyderabad,Operations,3,-0.07,Neutral,0.29,0
768,Hyderabad,Engineering,8,-0.25,Negative,0.23,0
769,Hyderabad,Engineering,7,0.29,Positive,0.11,0
770,Hyderabad,Corporate,32,0.27,Positive,0.27,0
771,Hyderabad,Sales,51,0.23,Neutral,0.17,0
772,Hyderabad,Corporate,22,-0.1,Neutral,0.44,0
773,Hyderabad,Engineering,7,0.43,Positive,0.07,0
774,Hyderabad,Operations,42,0.1,Neutral,0.19,0
775,Hyderabad,Engineering,41,-0.2,Neutral,0.18,0
776,Hyderabad,Support,21,0.99,Positive,0.28,0
777,Hyderabad,Corporate,22,0.18,Neutral,0.42,1
778,Hyderabad,Corporate,17,0.29,Positive,0.2,0
779,Hyderabad,Support,9,0.26,Positive,0.12,0
780,Hyderabad,Engineering,26,-0.91,Negative,0.54,0
781,Hyderabad,Operations,48,-0.55,Negative,0.21,0
782,Hyderabad,Support,64,0.76,Positive,0.05,0
783,Hyderabad,Operations,20,-0.12,Neutral,0.45,0
784,Hyderabad,Sales,24,0.44,Positive,0.42,1
785,Hyderabad,Support,29,-0.05,Neutral,0.43,1
786,Hyderabad,Engineering,46,0.36,Positive,0.1,0
787,Hyderabad,Operations,20,0.36,Positive,0.38,1
788,Hyderabad,Sales,23,-0.61,Negative,0.42,1
789,Hyderabad,Sales,22,-0.04,Neutral,0.37,0
790,Hyderabad,Support,55,-0.06,Neutral,0.15,0
791,Hyderabad,Sales,59,-0.37,Negative,0.24,1
792,Hyderabad,Sales,46,0.49,Positive,0.05,0
793,Hyderabad,Sales,15,-0.25,Neutral,0.14,0
794,Hyderabad,Engineering,12,-0.07,Neutral,0.09,0
795,Hyderabad,Sales,16,0.09,Neutral,0.05,0
796,Hyderabad,Engineering,29,0.03,Neutral,0.31,0
797,Hyderabad,Support,29,0.5,Positive,0.33,1
798,Hyderabad,Corporate,31,-0.2,Neutral,0.46,1
799,Hyderabad,Sales,54,0.44,Positive,0.1,0
800,Hyderabad,Engineering,50,-0.1,Neutral,0.18,0
801,Hyderabad,Engineering,18,-0.15,Neutral,0.42,1
802,Hyderabad,Sales,25,0.94,Positive,0.28,0
803,Hyderabad,Sales,23,-0.5,Negative,0.45,1
804,Hyderabad,Support,21,0.86,Positive,0.33,0
805,Hyderabad,Engineering,25,-0.09,Neutral,0.46,1
806,Hyderabad,Sales,66,-0.03,Neutral,0.14,1
807,Hyderabad,Corporate,22,-0.33,Negative,0.39,1
808,Hyderabad,Sales,27,0.12,Neutral,0.35,0
809,Hyderabad,Sales,30,0.31,Positive,0.33,0
810,Hyderabad,Corporate,16,0.26,Positive,0.1,0
811,Hyderabad,Sales,34,0.66,Positive,0.33,1
812,Hyderabad,Engineering,33,0.47,Positive,0.31,0
813,Hyderabad,Sales,29,0.26,Positive,0.35,1
814,Hyderabad,Engineering,14,-0.32,Negative,0.18,0
815,Hyderabad,Sales,20,0.03,Neutral,0.45,1
816,Hyderabad,Operations,8,0.51,Positive,0.08,0
817,Hyderabad,Sales,25,0.04,Neutral,0.27,1
818,Hyderabad,Engineering,4,-0.36,Negative,0.24,0
819,Hyderabad,Operations,47,-0.11,Neutral,0.13,0
820,Hyderabad,Corporate,65,0.8,Positive,0.09,0
821,Hyderabad,Support,32,0.23,Neutral,0.41,1
822,Hyderabad,Corporate,10,-0.59,Negative,0.3,0
823,Hyderabad,Sales,52,0.26,Positive,0.07,0
824,Hyderabad,Engineering,47,-0.28,Negative,0.28,0
825,Hyderabad,Engineering,68,0.71,Positive,0.05,0
826,Hyderabad,Engineering,15,-0.43,Negative,0.15,0
827,Hyderabad,Corporate,15,-0.01,Neutral,0.05,0
828,Hyderabad,Support,19,-0.2,Neutral,0.45,0
829,Hyderabad,Operations,13,-0.05,Neutral,0.16,0
830,Hyderabad,Engineering,18,-0.3,Negative,0.49,0
831,Hyderabad,Support,25,-0.03,Neutral,0.43,1
832,Hyderabad,Operations,71,0.04,Neutral,0.27,0
833,Hyderabad,Engineering,6,-0.11,Neutral,0.21,0
834,Hyderabad,Engineering,23,0.16,Neutral,0.51,1
835,Hyderabad,Corporate,11,0.08,Neutral,0.07,0
836,Hyderabad,Engineering,30,0.17,Neutral,0.36,0
837,Hyderabad,Operations,51,0.2,Neutral,0.07,0
838,Hyderabad,Support,33,0.04,Neutral,0.4,0
839,Hyderabad,Sales,26,-0.53,Negative,0.49,1
840,Hyderabad,Corporate,11,0.49,Positive,0.05,1
841,Hyderabad,Sales,8,-0.41,Negative,0.25,0
842,Hyderabad,Support,23,0.13,Neutral,0.31,0
843,Hyderabad,Operations,11,0.08,Neutral,0.22,0
844,Hyderabad,Sales,17,0.8,Positive,0.05,0
845,Hyderabad,Support,48,-0.03,Neutral,0.26,1
846,Hyderabad,Support,14,0.83,Positive,0.05,0
847,Hyderabad,Support,50,-0.89,Negative,0.35,0
848,Hyderabad,Operations,61,-0.91,Negative,0.29,0
849,Hyderabad,Corporate,59,-0.08,Neutral,0.22,0
850,Hyderabad,Corporate,33,-0.69,Negative,0.45,1
851,Hyderabad,Sales,32,-0.0,Neutral,0.39,0
852,Hyderabad,Engineering,13,0.16,Neutral,0.19,0
853,Hyderabad,Engineering,17,0.12,Neutral,0.08,0
854,Hyderabad,Engineering,18,0.03,Neutral,0.47,0
855,Hyderabad,Corporate,10,0.11,Neutral,0.12,1
856,Hyderabad,Corporate,64,0.04,Neutral,0.14,0
857,Hyderabad,Sales,35,0.28,Positive,0.33,0
858,Hyderabad,Sales,15,0.15,Neutral,0.11,0
859,Hyderabad,Sales,24,-0.41,Negative,0.43,0
860,Hyderabad,Corporate,41,-0.5,Negative,0.18,0
861,Hyderabad,Corporate,4,-0.18,Neutral,0.27,0
862,Hyderabad,Engineering,3,0.13,Neutral,0.18,0
863,Hyderabad,Engineering,19,0.12,Neutral,0.41,0
864,Hyderabad,Support,64,0.28,Positive,0.17,0
865,Hyderabad,Engineering,23,0.04,Neutral,0.49,1
866,Hyderabad,Engineering,3,-0.16,Neutral,0.27,0
867,Hyderabad,Sales,3,-0.1,Neutral,0.13,0
868,Hyderabad,Support,22,0.26,Positive,0.47,0
869,Hyderabad,Operations,18,-0.47,Negative,0.35,0
870,Hyderabad,Sales,12,-0.24,Neutral,0.21,0
871,Hyderabad,Corporate,23,0.32,Positive,0.31,0
872,Hyderabad,Operations,4,-0.23,Neutral,0.2,0
873,Hyderabad,Operations,18,0.74,Positive,0.32,0
874,Hyderabad,Engineering,18,0.21,Neutral,0.4,0
875,Hyderabad,Engineering,30,-0.31,Negative,0.63,0
876,Hyderabad,Support,36,1.0,Positive,0.2,0
877,Hyderabad,Operations,33,-0.38,Negative,0.37,0
878,Hyderabad,Operations,26,-0.33,Negative,0.5,1
879,Hyderabad,Sales,14,-0.13,Neutral,0.15,0
880,Hyderabad,Support,13,0.27,Positive,0.2,0
881,Hyderabad,Support,32,-0.22,Neutral,0.43,0
882,Hyderabad,Engineering,17,0.02,Neutral,0.18,0
883,Hyderabad,Engineering,23,-0.34,Negative,0.4,0
884,Hyderabad,Sales,3,0.05,Neutral,0.2,1
885,Hyderabad,Corporate,26,0.28,Positive,0.34,0
886,Hyderabad,Support,29,0.33,Positive,0.3,0
887,Hyderabad,Sales,40,0.35,Positive,0.05,0
888,Hyderabad,Support,28,-0.1,Neutral,0.46,0
889,Hyderabad,Corporate,35,0.69,Positive,0.32,0
890,Hyderabad,Operations,31,-0.02,Neutral,0.39,0
891,Hyderabad,Engineering,24,0.23,Neutral,0.38,1
892,Hyderabad,Support,4,-0.15,Neutral,0.21,0
893,Hyderabad,Engineering,71,-0.48,Negative,0.23,1
894,Hyderabad,Engineering,33,-0.17,Neutral,0.44,0
895,Hyderabad,Engineering,10,0.15,Neutral,0.15,0
896,Hyderabad,Engineering,35,-0.17,Neutral,0.49,0
897,Hyderabad,Support,23,0.24,Neutral,0.42,1
898,Hyderabad,Corporate,51,-0.25,Neutral,0.21,0
899,Hyderabad,Operations,51,0.17,Neutral,0.14,0
900,Hyderabad,Operations,17,0.5,Positive,0.05,0
901,Hyderabad,Sales,19,0.15,Neutral,0.48,0
902,Hyderabad,Sales,64,0.97,Positive,0.05,0
903,Hyderabad,Sales,7,0.16,Neutral,0.07,0
904,Hyderabad,Engineering,30,-0.4,Negative,0.46,0
905,Hyderabad,Support,28,0.28,Positive,0.38,0
906,Hyderabad,Engineering,30,0.1,Neutral,0.46,0
907,Hyderabad,Corporate,45,0.51,Positive,0.05,0
908,Hyderabad,Operations,25,0.12,Neutral,0.42,0
909,Hyderabad,Corporate,18,0.61,Positive,0.35,1
910,Hyderabad,Corporate,26,0.06,Neutral,0.34,0
911,Hyderabad,Support,48,0.36,Positive,0.16,0
912,Hyderabad,Sales,27,-0.35,Negative,0.42,1
913,Hyderabad,Sales,41,0.19,Neutral,0.12,0
914,Hyderabad,Engineering,64,0.06,Neutral,0.11,0
915,Hyderabad,Operations,10,0.35,Positive,0.11,0
916,Hyderabad,Corporate,61,-0.11,Neutral,0.16,0
917,Hyderabad,Engineering,32,0.03,Neutral,0.34,0
918,Hyderabad,Corporate,25,0.34,Positive,0.36,0
919,Hyderabad,Engineering,29,0.75,Positive,0.29,0
920,Hyderabad,Corporate,21,0.11,Neutral,0.38,0
921,Hyderabad,Operations,27,-0.25,Negative,0.39,0
922,Hyderabad,Operations,12,0.14,Neutral,0.15,0
923,Hyderabad,Corporate,23,-0.17,Neutral,0.38,0
924,Hyderabad,Corporate,63,0.04,Neutral,0.1,0
925,Hyderabad,Corporate,67,0.72,Positive,0.06,0
926,Hyderabad,Support,5,-0.03,Neutral,0.09,1
927,Hyderabad,Operations,26,0.44,Positive,0.32,0
928,Hyderabad,Corporate,25,0.09,Neutral,0.45,1
929,Hyderabad,Corporate,35,-0.53,Negative,0.4,0
930,Hyderabad,Support,21,0.0,Neutral,0.34,0
931,Hyderabad,Corporate,42,0.13,Neutral,0.18,0
932,Hyderabad,Support,6,0.86,Positive,0.05,0
933,Hyderabad,Engineering,14,-0.28,Negative,0.18,0
934,Hyderabad,Corporate,70,0.07,Neutral,0.23,0
935,Hyderabad,Support,58,0.2,Neutral,0.1,0
936,Hyderabad,Engineering,17,0.44,Positive,0.16,0
937,Hyderabad,Operations,22,-0.3,Negative,0.39,0
938,Hyderabad,Engineering,55,0.28,Positive,0.18,1
939,Hyderabad,Support,30,-0.06,Neutral,0.39,0
940,Hyderabad,Operations,14,0.18,Neutral,0.1,0
941,Hyderabad,Support,23,0.27,Positive,0.43,0
942,Hyderabad,Engineering,54,-0.32,Negative,0.2,0
943,Hyderabad,Support,21,-0.26,Negative,0.47,0
944,Hyderabad,Operations,5,0.3,Positive,0.12,0
945,Hyderabad,Support,13,0.41,Positive,0.08,0
946,Hyderabad,Support,64,0.03,Neutral,0.1,0
947,Hyderabad,Operations,37,0.83,Positive,0.05,0
948,Hyderabad,Sales,25,0.44,Positive,0.33,0
949,Hyderabad,Operations,69,0.15,Neutral,0.05,0
950,Hyderabad,Sales,64,0.24,Neutral,0.14,0
951,Hyderabad,Operations,24,-0.22,Neutral,0.43,0
952,Hyderabad,Support,26,0.19,Neutral,0.41,0
953,Hyderabad,Support,27,0.83,Positive,0.32,0
954,Hyderabad,Sales,31,-0.11,Neutral,0.32,0
955,Hyderabad,Sales,33,-0.08,Neutral,0.45,0
956,Hyderabad,Support,52,0.27,Positive,0.12,0
957,Hyderabad,Support,18,-0.13,Neutral,0.35,0
958,Hyderabad,Operations,59,0.82,Positive,0.05,0
959,Hyderabad,Support,39,0.07,Neutral,0.16,0
960,Hyderabad,Support,51,0.1,Neutral,0.12,0
961,Hyderabad,Corporate,20,-0.54,Negative,0.49,0
962,Hyderabad,Engineering,20,-0.01,Neutral,0.38,0
963,Hyderabad,Corporate,32,0.07,Neutral,0.4,0
964,Hyderabad,Sales,45,-0.52,Negative,0.15,0
965,Hyderabad,Engineering,16,0.02,Neutral,0.17,0
966,Hyderabad,Support,67,0.3,Positive,0.06,0
967,Hyderabad,Operations,14,-0.71,Negative,0.24,1
968,Hyderabad,Engineering,15,0.36,Positive,0.05,0
969,Hyderabad,Operations,10,-0.04,Neutral,0.19,1
970,Hyderabad,Support,7,-0.69,Negative,0.27,1
971,Hyderabad,Corporate,16,0.5,Positive,0.05,0
972,Hyderabad,Engineering,68,0.63,Positive,0.05,0
973,Hyderabad,Support,45,0.2,Neutral,0.14,1
974,Hyderabad,Corporate,35,0.01,Neutral,0.41,0
975,Hyderabad,Support,21,0.18,Neutral,0.32,1
976,Chennai,Corporate,7,-0.61,Negative,0.37,1
977,Chennai,Corporate,13,0.39,Positive,0.29,0
978,Chennai,Engineering,70,0.32,Positive,0.24,0
979,Chennai,Support,28,0.26,Positive,0.43,0
980,Chennai,Engineering,27,-0.4,Negative,0.63,0
981,Chennai,Operations,3,0.24,Neutral,0.29,0
982,Chennai,Support,7,0.15,Neutral,0.24,0
983,Chennai,Engineering,25,-0.22,Neutral,0.57,1
984,Chennai,Sales,14,-1.0,Negative,0.51,0
985,Chennai,Engineering,14,-0.24,Neutral,0.28,0
986,Chennai,Corporate,28,0.26,Positive,0.52,0
987,Chennai,Operations,31,0.47,Positive,0.47,1
988,Chennai,Operations,68,0.7,Positive,0.17,0
989,Chennai,Engineering,23,-0.28,Negative,0.59,0
990,Chennai,Engineering,27,0.51,Positive,0.48,0
991,Chennai,Sales,26,0.27,Positive,0.59,0
992,Chennai,Corporate,34,-0.21,Neutral,0.53,1
993,Chennai,Corporate,35,0.38,Positive,0.54,0
994,Chennai,Operations,59,0.27,Positive,0.29,0
995,Chennai,Sales,31,-0.0,Neutral,0.59,0
996,Chennai,Operations,30,-0.37,Negative,0.5,0
997,Chennai,Engineering,5,0.08,Neutral,0.36,0
998,Chennai,Operations,67,0.44,Positive,0.21,0
999,Chennai,Corporate,17,-1.0,Negative,0.44,0
1000,Chennai,Engineering,22,0.14,Neutral,0.48,0
1001,Chennai,Operations,48,0.08,Neutral,0.24,0
1002,Chennai,Operations,49,-0.19,Neutral,0.25,0
1003,Chennai,Sales,5,0.04,Neutral,0.32,0
1004,Chennai,Operations,7,-0.66,Negative,0.36,0
1005,Chennai,Sales,49,-0.19,Neutral,0.36,0
1006,Chennai,Sales,12,-0.66,Negative,0.36,0
1007,Chennai,Corporate,57,0.35,Positive,0.24,0
1008,Chennai,Corporate,25,-0.11,Neutral,0.63,0
1009,Chennai,Engineering,21,0.19,Neutral,0.58,0
1010,Chennai,Support,7,-0.08,Neutral,0.36,0
1011,Chennai,Support,65,-0.65,Negative,0.45,0
1012,Chennai,Sales,50,-0.25,Neutral,0.33,0
1013,Chennai,Engineering,30,0.11,Neutral,0.53,0
1014,Chennai,Engineering,39,-0.65,Negative,0.38,0
1015,Chennai,Engineering,13,0.37,Positive,0.18,1
1016,Chennai,Engineering,4,0.08,Neutral,0.26,0
1017,Chennai,Corporate,35,0.53,Positive,0.52,0
1018,Chennai,Sales,32,-0.38,Negative,0.7,0
1019,Chennai,Support,32,0.21,Neutral,0.45,0
1020,Chennai,Support,28,-0.13,Neutral,0.61,0
1021,Chennai,Support,35,-0.58,Negative,0.67,1
1022,Chennai,Operations,57,0.09,Neutral,0.29,0
1023,Chennai,Corporate,33,0.36,Positive,0.51,0
1024,Chennai,Sales,20,0.0,Neutral,0.59,1
1025,Chennai,Support,5,-0.39,Negative,0.22,0
1026,Chennai,Sales,4,0.12,Neutral,0.23,0
1027,Chennai,Support,6,-0.35,Negative,0.33,0
1028,Chennai,Operations,55,0.51,Positive,0.18,0
1029,Chennai,Engineering,28,-0.44,Negative,0.5,0
1030,Chennai,Corporate,24,-0.43,Negative,0.65,0
1031,Chennai,Corporate,70,-0.02,Neutral,0.36,0
1032,Chennai,Support,59,-0.23,Neutral,0.27,0
1033,Chennai,Sales,20,-0.34,Negative,0.57,0
1034,Chennai,Corporate,32,-0.41,Negative,0.6,0
1035,Chennai,Engineering,25,-0.49,Negative,0.65,1
1036,Chennai,Corporate,21,-0.24,Neutral,0.66,0
1037,Chennai,Operations,11,0.26,Positive,0.26,0
1038,Chennai,Support,51,0.21,Neutral,0.23,0
1039,Chennai,Operations,33,-0.22,Neutral,0.42,0
1040,Chennai,Support,5,0.1,Neutral,0.25,0
1041,Chennai,Support,10,0.51,Positive,0.22,0
1042,Chennai,Operations,19,-0.14,Neutral,0.55,1
1043,Chennai,Operations,35,0.3,Positive,0.41,0
1044,Chennai,Operations,10,-0.18,Neutral,0.36,0
1045,Chennai,Corporate,24,-0.48,Negative,0.68,0
1046,Chennai,Support,48,0.12,Neutral,0.26,0
1047,Chennai,Engineering,5,-0.07,Neutral,0.35,0
1048,Chennai,Operations,28,-0.09,Neutral,0.52,0
1049,Chennai,Corporate,35,0.5,Positive,0.38,0
1050,Chennai,Sales,40,-0.46,Negative,0.38,0
1051,Chennai,Support,68,-0.78,Negative,0.45,0
1052,Chennai,Support,65,-0.05,Neutral,0.33,0
1053,Chennai,Operations,24,-0.37,Negative,0.58,1
1054,Chennai,Sales,34,0.25,Positive,0.62,0
1055,Chennai,Support,49,0.47,Positive,0.26,0
1056,Chennai,Operations,32,-0.19,Neutral,0.63,0
1057,Chennai,Corporate,25,0.51,Positive,0.53,0
1058,Chennai,Corporate,50,-0.17,Neutral,0.29,0
1059,Chennai,Sales,16,-0.46,Negative,0.35,0
1060,Chennai,Support,57,0.32,Positive,0.27,0
1061,Chennai,Operations,60,0.0,Neutral,0.37,0
1062,Chennai,Support,12,0.13,Neutral,0.24,0
1063,Chennai,Support,35,0.23,Neutral,0.62,0
1064,Chennai,Support,25,0.43,Positive,0.54,0
1065,Chennai,Sales,24,0.24,Neutral,0.46,0
1066,Chennai,Engineering,27,-0.63,Negative,0.68,1
1067,Chennai,Operations,3,-0.49,Negative,0.42,1
1068,Chennai,Corporate,15,-0.39,Negative,0.37,1
1069,Chennai,Engineering,54,0.56,Positive,0.2,0
1070,Chennai,Sales,19,0.58,Positive,0.42,0
1071,Chennai,Engineering,43,-0.25,Neutral,0.34,0
1072,Chennai,Support,70,0.09,Neutral,0.31,0
1073,Chennai,Sales,18,-0.12,Neutral,0.6,0
1074,Chennai,Engineering,29,0.19,Neutral,0.56,1
1075,Chennai,Corporate,70,-0.35,Negative,0.33,0
1076,Chennai,Corporate,5,0.29,Positive,0.27,0
1077,Chennai,Operations,22,0.43,Positive,0.5,1
1078,Chennai,Corporate,9,-0.25,Neutral,0.37,0
1079,Chennai,Support,4,0.31,Positive,0.36,0
1080,Chennai,Engineering,18,0.3,Positive,0.5,0
1081,Chennai,Support,18,-0.0,Neutral,0.63,1
1082,Chennai,Sales,22,-0.03,Neutral,0.59,0
1083,Chennai,Sales,16,-0.31,Negative,0.35,0
1084,Chennai,Operations,3,-0.5,Negative,0.37,0
1085,Chennai,Engineering,69,0.39,Positive,0.27,0
1086,Chennai,Corporate,22,-0.4,Negative,0.56,1
1087,Chennai,Corporate,27,0.19,Neutral,0.53,1
1088,Chennai,Operations,32,0.32,Positive,0.55,0
1089,Chennai,Support,11,0.2,Neutral,0.36,0
1090,Chennai,Corporate,28,0.09,Neutral,0.61,0
1091,Chennai,Corporate,26,-0.23,Neutral,0.49,0
1092,Chennai,Support,15,0.27,Positive,0.25,0
1093,Chennai,Support,38,-0.21,Neutral,0.35,1
1094,Chennai,Sales,48,-0.45,Negative,0.37,0
1095,Chennai,Support,7,-0.51,Negative,0.41,0
1096,Chennai,Corporate,54,-0.36,Negative,0.31,0
1097,Chennai,Corporate,51,0.07,Neutral,0.36,0
1098,Chennai,Support,40,-0.52,Negative,0.42,1
1099,Chennai,Sales,45,0.38,Positive,0.32,0
1100,Chennai,Operations,13,0.35,Positive,0.32,0
1101,Chennai,Corporate,27,-0.04,Neutral,0.62,1
1102,Chennai,Operations,23,-0.35,Negative,0.54,0
1103,Chennai,Operations,52,-0.5,Negative,0.34,0
1104,Chennai,Engineering,16,-0.27,Negative,0.28,0
1105,Chennai,Corporate,28,0.64,Positive,0.43,0
1106,Chennai,Engineering,19,0.28,Positive,0.52,0
1107,Chennai,Operations,22,-0.01,Neutral,0.65,1
1108,Chennai,Support,10,0.58,Positive,0.23,1
1109,Chennai,Sales,28,0.67,Positive,0.41,1
1110,Chennai,Engineering,62,0.19,Neutral,0.19,0
1111,Chennai,Corporate,43,-0.48,Negative,0.44,0
1112,Chennai,Engineering,32,0.29,Positive,0.47,1
1113,Chennai,Sales,14,-0.68,Negative,0.43,1
1114,Chennai,Engineering,27,0.11,Neutral,0.49,1
1115,Chennai,Engineering,9,0.13,Neutral,0.22,0
1116,Chennai,Sales,56,0.38,Positive,0.23,0
1117,Chennai,Support,20,0.56,Positive,0.5,1
1118,Chennai,Sales,8,0.39,Positive,0.34,0
1119,Chennai,Support,27,-0.16,Neutral,0.56,1
1120,Chennai,Support,52,0.03,Neutral,0.27,0
1121,Chennai,Corporate,27,-0.39,Negative,0.66,0
1122,Chennai,Operations,16,-0.25,Neutral,0.32,0
1123,Chennai,Support,11,0.74,Positive,0.19,1
1124,Chennai,Operations,35,0.75,Positive,0.4,0
1125,Chennai,Corporate,3,-0.59,Negative,0.43,1
1126,Chennai,Support,12,-0.52,Negative,0.42,0
1127,Chennai,Engineering,29,0.31,Positive,0.48,0
1128,Chennai,Support,11,-0.29,Negative,0.3,0
1129,Chennai,Operations,23,0.4,Positive,0.48,1
1130,Chennai,Support,65,0.21,Neutral,0.2,0
1131,Chennai,Operations,50,-0.58,Negative,0.41,0
1132,Chennai,Operations,33,-0.18,Neutral,0.64,1
1133,Chennai,Operations,29,-0.22,Neutral,0.55,0
1134,Chennai,Operations,17,-0.3,Negative,0.34,0
1135,Chennai,Corporate,19,0.21,Neutral,0.47,1
1136,Chennai,Sales,48,0.47,Positive,0.23,0
1137,Chennai,Engineering,25,0.18,Neutral,0.48,0
1138,Chennai,Sales,62,0.1,Neutral,0.33,0
1139,Chennai,Operations,9,0.46,Positive,0.2,0
1140,Chennai,Sales,17,0.12,Neutral,0.24,0
1141,Chennai,Sales,40,-0.07,Neutral,0.29,0
1142,Chennai,Operations,10,-0.49,Negative,0.37,0
1143,Chennai,Corporate,28,-0.06,Neutral,0.59,0
1144,Chennai,Operations,38,-0.61,Negative,0.41,0
1145,Chennai,Corporate,10,0.51,Positive,0.13,0
1146,Chennai,Support,14,-0.43,Negative,0.35,1
1147,Chennai,Sales,25,0.03,Neutral,0.61,0
1148,Chennai,Sales,59,-0.77,Negative,0.36,0
1149,Chennai,Engineering,31,0.43,Positive,0.49,0
1150,Chennai,Support,46,0.14,Neutral,0.28,0
1151,Chennai,Sales,29,-0.44,Negative,0.6,0
1152,Chennai,Corporate,14,0.28,Positive,0.3,0
1153,Chennai,Support,28,-0.41,Negative,0.62,1
1154,Chennai,Engineering,23,-0.02,Neutral,0.64,0
1155,Chennai,Sales,47,-0.45,Negative,0.41,0
1156,Chennai,Support,18,0.08,Neutral,0.61,0
1157,Chennai,Sales,3,0.26,Positive,0.32,0
1158,Chennai,Sales,18,0.41,Positive,0.48,1
1159,Chennai,Corporate,30,-0.37,Negative,0.59,0
1160,Chennai,Engineering,35,-0.15,Neutral,0.58,1
1161,Chennai,Engineering,15,0.9,Positive,0.19,0
1162,Chennai,Engineering,36,-0.17,Neutral,0.56,0
1163,Chennai,Sales,48,-0.4,Negative,0.36,0
1164,Chennai,Corporate,7,-0.67,Negative,0.4,0
1165,Chennai,Sales,27,-0.63,Negative,0.58,0
1166,Chennai,Operations,40,-0.15,Neutral,0.34,0
1167,Chennai,Corporate,47,0.55,Positive,0.23,1
1168,Chennai,Corporate,29,0.24,Neutral,0.58,1
1169,Chennai,Support,35,-0.48,Negative,0.64,1
1170,Chennai,Sales,33,-0.79,Negative,0.74,0
1171,Chennai,Corporate,16,-0.34,Negative,0.32,0
1172,Chennai,Engineering,34,-0.55,Negative,0.65,1
1173,Chennai,Sales,26,-0.12,Neutral,0.6,0
1174,Chennai,Engineering,58,0.03,Neutral,0.25,0
1175,Chennai,Engineering,23,0.18,Neutral,0.5,0
1176,Chennai,Support,36,-0.13,Neutral,0.55,0
1177,Chennai,Corporate,11,-0.4,Negative,0.32,0
1178,Chennai,Sales,25,-0.03,Neutral,0.59,0
1179,Chennai,Corporate,45,-0.45,Negative,0.4,0
1180,Chennai,Sales,25,0.55,Positive,0.49,0
1181,Chennai,Operations,45,-0.51,Negative,0.36,0
1182,Chennai,Engineering,26,-0.3,Negative,0.69,0
1183,Chennai,Support,18,0.42,Positive,0.48,0
1184,Chennai,Operations,20,0.09,Neutral,0.48,0
1185,Chennai,Support,54,0.11,Neutral,0.3,0
1186,Chennai,Support,56,0.46,Positive,0.26,1
1187,Chennai,Engineering,48,0.41,Positive,0.3,0
1188,Chennai,Corporate,12,0.32,Positive,0.21,0
1189,Chennai,Corporate,23,-0.25,Neutral,0.7,1
1190,Chennai,Support,51,-0.16,Neutral,0.42,0
1191,Chennai,Corporate,69,0.56,Positive,0.23,0
1192,Chennai,Support,37,-0.34,Negative,0.33,0
1193,Chennai,Engineering,24,0.64,Positive,0.49,0
1194,Chennai,Engineering,12,0.05,Neutral,0.31,0
1195,Chennai,Corporate,12,-0.02,Neutral,0.32,0
1196,Chennai,Engineering,29,-0.38,Negative,0.58,0
1197,Chennai,Operations,22,0.36,Positive,0.54,1
1198,Chennai,Corporate,23,0.06,Neutral,0.57,1
1199,Chennai,Support,19,-0.11,Neutral,0.56,1
1200,Chennai,Corporate,31,-0.11,Neutral,0.55,0
1201,Gurgaon,Operations,35,0.24,Neutral,0.45,0
1202,Gurgaon,Support,15,-0.29,Negative,0.07,0
1203,Gurgaon,Support,44,0.74,Positive,0.14,0
1204,Gurgaon,Sales,22,-1.0,Negative,0.59,1
1205,Gurgaon,Sales,20,0.67,Positive,0.29,0
1206,Gurgaon,Operations,21,-0.03,Neutral,0.57,1
1207,Gurgaon,Operations,20,0.33,Positive,0.44,0
1208,Gurgaon,Support,14,-0.08,Neutral,0.27,0
1209,Gurgaon,Corporate,58,0.23,Neutral,0.18,0
1210,Gurgaon,Corporate,27,-0.36,Negative,0.45,0
1211,Gurgaon,Engineering,28,0.35,Positive,0.48,0
1212,Gurgaon,Corporate,43,0.5,Positive,0.12,0
1213,Gurgaon,Support,19,-0.51,Negative,0.54,0
1214,Gurgaon,Engineering,5,-0.14,Neutral,0.23,1
1215,Gurgaon,Sales,4,0.23,Neutral,0.16,0
1216,Gurgaon,Engineering,30,0.4,Positive,0.45,0
1217,Gurgaon,Sales,14,-0.76,Negative,0.27,0
1218,Gurgaon,Engineering,34,0.39,Positive,0.41,0
1219,Gurgaon,Operations,33,-0.16,Neutral,0.48,0
1220,Gurgaon,Operations,70,-0.42,Negative,0.27,0
1221,Gurgaon,Engineering,33,-0.59,Negative,0.5,0
1222,Gurgaon,Corporate,31,0.25,Positive,0.36,0
1223,Gurgaon,Corporate,12,-0.02,Neutral,0.12,0
1224,Gurgaon,Sales,13,-0.63,Negative,0.24,0
1225,Gurgaon,Engineering,69,1.0,Positive,0.05,0
1226,Gurgaon,Support,10,-0.19,Neutral,0.29,0
1227,Gurgaon,Support,70,-0.16,Neutral,0.28,0
1228,Gurgaon,Sales,3,0.61,Positive,0.17,0
1229,Gurgaon,Operations,52,-0.28,Negative,0.34,0
1230,Gurgaon,Support,56,0.73,Positive,0.12,0
1231,Gurgaon,Support,20,-0.5,Negative,0.57,0
1232,Gurgaon,Operations,22,0.1,Neutral,0.5,0
1233,Gurgaon,Support,18,0.11,Neutral,0.43,0
1234,Gurgaon,Corporate,15,0.76,Positive,0.05,0
1235,Gurgaon,Sales,39,-0.15,Neutral,0.33,0
1236,Gurgaon,Operations,34,0.46,Positive,0.33,0
1237,Gurgaon,Engineering,31,0.57,Positive,0.32,1
1238,Gurgaon,Sales,13,-0.12,Neutral,0.26,0
1239,Gurgaon,Operations,17,-0.14,Neutral,0.22,0
1240,Gurgaon,Engineering,30,0.39,Positive,0.4,1
1241,Gurgaon,Support,17,-0.01,Neutral,0.17,0
1242,Gurgaon,Sales,14,0.07,Neutral,0.15,0
1243,Gurgaon,Sales,26,-0.35,Negative,0.56,0
1244,Gurgaon,Support,8,-0.3,Negative,0.3,0
1245,Gurgaon,Engineering,7,0.27,Positive,0.13,0
1246,Gurgaon,Corporate,18,0.39,Positive,0.4,0
1247,Gurgaon,Operations,17,0.51,Positive,0.1,0
1248,Gurgaon,Corporate,29,-0.11,Neutral,0.52,0
1249,Gurgaon,Operations,32,-0.34,Negative,0.5,1
1250,Gurgaon,Engineering,15,0.41,Positive,0.21,0
1251,Gurgaon,Operations,26,0.02,Neutral,0.53,0
1252,Gurgaon,Support,3,0.05,Neutral,0.19,0
1253,Gurgaon,Operations,33,-0.2,Neutral,0.45,0
1254,Gurgaon,Corporate,42,-0.43,Negative,0.26,0
1255,Gurgaon,Support,27,-0.13,Neutral,0.47,1
1256,Gurgaon,Sales,33,-0.44,Negative,0.46,0
1257,Gurgaon,Engineering,62,0.45,Positive,0.15,0
1258,Gurgaon,Sales,25,-0.13,Neutral,0.47,0
1259,Gurgaon,Corporate,29,0.57,Positive,0.38,0
1260,Gurgaon,Sales,35,-0.22,Neutral,0.51,0
1261,Gurgaon,Engineering,20,-0.11,Neutral,0.56,0
1262,Gurgaon,Support,45,-0.69,Negative,0.36,0
1263,Gurgaon,Corporate,33,0.03,Neutral,0.53,0
1264,Gurgaon,Corporate,21,-0.58,Negative,0.52,1
1265,Gurgaon,Engineering,22,0.2,Neutral,0.51,1
1266,Gurgaon,Corporate,9,-0.47,Negative,0.24,0
1267,Gurgaon,Corporate,37,0.08,Neutral,0.18,1
1268,Gurgaon,Corporate,23,-0.43,Negative,0.5,0
1269,Gurgaon,Sales,4,-0.61,Negative,0.31,0
1270,Gurgaon,Engineering,10,0.27,Positive,0.1,0
1271,Gurgaon,Engineering,21,-0.26,Negative,0.38,0
1272,Gurgaon,Operations,25,-0.42,Negative,0.49,1
1273,Gurgaon,Operations,3,-0.08,Neutral,0.22,1
1274,Gurgaon,Engineering,28,0.41,Positive,0.34,0
1275,Gurgaon,Corporate,28,-0.04,Neutral,0.43,0
1276,Gurgaon,Corporate,24,-0.24,Neutral,0.61,0
1277,Gurgaon,Corporate,17,-0.69,Negative,0.3,0
1278,Gurgaon,Engineering,11,-0.32,Negative,0.31,0
1279,Gurgaon,Support,19,-0.35,Negative,0.42,0
1280,Gurgaon,Sales,33,0.04,Neutral,0.47,1
1281,Gurgaon,Operations,29,0.44,Positive,0.42,0
1282,Gurgaon,Support,30,0.17,Neutral,0.39,0
1283,Gurgaon,Engineering,6,0.18,Neutral,0.23,1
1284,Gurgaon,Corporate,17,-0.11,Neutral,0.17,0
1285,Gurgaon,Sales,56,-0.04,Neutral,0.18,0
1286,Gurgaon,Engineering,27,0.0,Neutral,0.42,0
1287,Gurgaon,Sales,34,0.09,Neutral,0.42,0
1288,Gurgaon,Sales,11,0.06,Neutral,0.27,1
1289,Gurgaon,Support,69,-0.17,Neutral,0.13,0
1290,Gurgaon,Operations,25,-0.47,Negative,0.5,0
1291,Gurgaon,Engineering,68,0.45,Positive,0.05,0
1292,Gurgaon,Support,30,0.47,Positive,0.4,0
1293,Gurgaon,Operations,16,-0.16,Neutral,0.25,0
1294,Gurgaon,Sales,10,0.08,Neutral,0.15,0
1295,Gurgaon,Support,70,-0.21,Neutral,0.27,0
1296,Gurgaon,Sales,67,0.04,Neutral,0.16,0
1297,Gurgaon,Sales,20,0.45,Positive,0.33,0
1298,Gurgaon,Sales,60,-0.1,Neutral,0.27,0
1299,Gurgaon,Operations,15,0.16,Neutral,0.19,0
1300,Gurgaon,Operations,17,0.2,Neutral,0.16,0
1301,Gurgaon,Engineering,31,0.62,Positive,0.39,0
1302,Gurgaon,Corporate,10,0.13,Neutral,0.22,1
1303,Gurgaon,Operations,20,0.07,Neutral,0.46,0
1304,Gurgaon,Sales,35,-0.11,Neutral,0.46,0
1305,Gurgaon,Engineering,5,0.17,Neutral,0.16,0
1306,Gurgaon,Sales,64,0.19,Neutral,0.17,1
1307,Gurgaon,Engineering,24,-0.4,Negative,0.52,1
1308,Gurgaon,Corporate,9,0.56,Positive,0.09,0
1309,Gurgaon,Corporate,62,-0.11,Neutral,0.24,0
1310,Gurgaon,Corporate,36,0.18,Neutral,0.39,1
1311,Gurgaon,Sales,16,-0.54,Negative,0.26,0
1312,Gurgaon,Corporate,9,-0.42,Negative,0.29,0
1313,Gurgaon,Sales,13,0.49,Positive,0.11,0
1314,Gurgaon,Support,18,0.52,Positive,0.3,0
1315,Gurgaon,Support,63,0.39,Positive,0.19,1
1316,Gurgaon,Operations,5,0.09,Neutral,0.18,0
1317,Gurgaon,Sales,22,0.44,Positive,0.45,0
1318,Gurgaon,Corporate,48,0.23,Neutral,0.16,0
1319,Gurgaon,Sales,35,-0.12,Neutral,0.53,0
1320,Gurgaon,Support,17,0.23,Neutral,0.26,0
1321,Gurgaon,Corporate,41,0.24,Neutral,0.13,0
1322,Gurgaon,Operations,57,-0.15,Neutral,0.24,0
1323,Gurgaon,Support,46,0.05,Neutral,0.16,1
1324,Gurgaon,Sales,10,-0.02,Neutral,0.13,0
1325,Gurgaon,Operations,30,0.03,Neutral,0.48,0
1326,Gurgaon,Operations,71,0.62,Positive,0.15,0
1327,Gurgaon,Support,32,-0.13,Neutral,0.44,0
1328,Gurgaon,Sales,13,0.53,Positive,0.05,0
1329,Gurgaon,Corporate,8,0.27,Positive,0.13,0
1330,Gurgaon,Support,16,-0.32,Negative,0.24,0
1331,Gurgaon,Engineering,29,-0.55,Negative,0.49,1
1332,Gurgaon,Operations,28,0.69,Positive,0.37,0
1333,Gurgaon,Corporate,23,-0.05,Neutral,0.53,0
1334,Gurgaon,Engineering,24,0.12,Neutral,0.43,0
1335,Gurgaon,Support,19,0.31,Positive,0.33,0
1336,Gurgaon,Operations,7,-0.34,Negative,0.26,0
1337,Gurgaon,Corporate,70,0.23,Neutral,0.18,0
1338,Gurgaon,Sales,25,0.09,Neutral,0.43,0
1339,Gurgaon,Support,4,-0.39,Negative,0.29,0
1340,Gurgaon,Corporate,6,-0.13,Neutral,0.23,0
1341,Gurgaon,Engineering,25,-0.73,Negative,0.53,0
1342,Gurgaon,Operations,13,-0.35,Negative,0.24,0
1343,Gurgaon,Operations,24,-0.33,Negative,0.47,0
1344,Gurgaon,Operations,51,0.16,Neutral,0.17,0
1345,Gurgaon,Operations,16,-0.03,Neutral,0.23,0
1346,Gurgaon,Operations,30,-0.14,Neutral,0.54,0
1347,Gurgaon,Sales,49,0.22,Neutral,0.16,0
1348,Gurgaon,Support,21,0.07,Neutral,0.43,0
1349,Gurgaon,Engineering,13,-0.47,Negative,0.22,0
1350,Gurgaon,Support,14,-0.01,Neutral,0.21,0
1351,Remote,Corporate,43,0.26,Positive,0.3,0
1352,Remote,Engineering,20,-0.2,Neutral,0.64,0
1353,Remote,Corporate,22,-0.08,Neutral,0.69,1
1354,Remote,Support,17,-0.05,Neutral,0.32,0
1355,Remote,Sales,53,0.14,Neutral,0.34,0
1356,Remote,Operations,34,-0.26,Negative,0.56,0
1357,Remote,Engineering,50,-0.0,Neutral,0.29,0
1358,Remote,Engineering,15,-0.21,Neutral,0.38,0
1359,Remote,Sales,30,0.01,Neutral,0.58,0
1360,Remote,Support,33,0.17,Neutral,0.55,0
1361,Remote,Corporate,66,-0.55,Negative,0.47,0
1362,Remote,Corporate,56,0.56,Positive,0.37,0
1363,Remote,Sales,36,-0.09,Neutral,0.51,0
1364,Remote,Operations,3,0.22,Neutral,0.33,0
1365,Remote,Corporate,71,-0.2,Neutral,0.41,0
1366,Remote,Support,53,0.5,Positive,0.3,1
1367,Remote,Support,19,0.31,Positive,0.49,0
1368,Remote,Support,9,-0.17,Neutral,0.34,0
1369,Remote,Engineering,41,0.45,Positive,0.31,0
1370,Remote,Operations,9,-0.25,Neutral,0.44,1
1371,Remote,Corporate,17,-0.59,Negative,0.46,0
1372,Remote,Engineering,12,-0.33,Negative,0.42,0
1373,Remote,Corporate,26,-0.16,Neutral,0.62,0
1374,Remote,Engineering,34,-0.18,Neutral,0.64,0
1375,Remote,Engineering,22,-0.55,Negative,0.76,0
1376,Remote,Engineering,27,-0.07,Neutral,0.62,0
1377,Remote,Engineering,19,-0.52,Negative,0.73,1
1378,Remote,Support,33,-0.25,Neutral,0.55,0
1379,Remote,Corporate,33,-0.27,Negative,0.68,0
1380,Remote,Operations,11,-0.14,Neutral,0.44,0
1381,Remote,Operations,33,-0.49,Negative,0.63,0
1382,Remote,Corporate,64,0.12,Neutral,0.31,0
1383,Remote,Engineering,71,-0.47,Negative,0.4,0
1384,Remote,Sales,29,-0.39,Negative,0.65,1
1385,Remote,Engineering,64,-0.04,Neutral,0.33,0
1386,Remote,Sales,47,-0.68,Negative,0.58,0
1387,Remote,Operations,4,-0.42,Negative,0.38,1
1388,Remote,Corporate,22,-0.07,Neutral,0.59,0
1389,Remote,Operations,53,0.02,Neutral,0.32,1
1390,Remote,Operations,22,0.05,Neutral,0.61,0
1391,Remote,Engineering,15,-0.38,Negative,0.31,0
1392,Remote,Support,12,-0.03,Neutral,0.39,0
1393,Remote,Sales,16,0.33,Positive,0.3,0
1394,Remote,Support,17,-0.62,Negative,0.48,0
1395,Remote,Sales,3,-0.42,Negative,0.38,0
1396,Remote,Support,33,0.04,Neutral,0.51,0
1397,Remote,Engineering,31,-0.56,Negative,0.72,0
1398,Remote,Operations,26,0.4,Positive,0.52,0
1399,Remote,Sales,12,-0.31,Negative,0.38,0
1400,Remote,Corporate,11,0.52,Positive,0.2,0
1401,Remote,Sales,10,0.34,Positive,0.29,0
1402,Remote,Sales,30,-0.32,Negative,0.68,0
1403,Remote,Corporate,8,-0.21,Neutral,0.41,0
1404,Remote,Corporate,19,0.08,Neutral,0.63,0
1405,Remote,Corporate,31,0.09,Neutral,0.63,0
1406,Remote,Support,14,-0.39,Negative,0.39,0
1407,Remote,Sales,6,-0.43,Negative,0.36,0
1408,Remote,Operations,26,-0.59,Negative,0.64,0
1409,Remote,Sales,34,-0.47,Negative,0.67,0
1410,Remote,Corporate,14,-0.22,Neutral,0.34,0
1411,Remote,Corporate,7,-0.69,Negative,0.47,0
1412,Remote,Sales,20,-0.16,Neutral,0.6,0
1413,Remote,Sales,19,0.31,Positive,0.52,0
1414,Remote,Engineering,23,-0.39,Negative,0.73,0
1415,Remote,Corporate,29,-0.07,Neutral,0.62,1
1416,Remote,Corporate,40,-0.49,Negative,0.39,0
1417,Remote,Engineering,12,0.12,Neutral,0.35,0
1418,Remote,Support,3,0.18,Neutral,0.35,0
1419,Remote,Operations,15,0.01,Neutral,0.34,0
1420,Remote,Sales,27,0.03,Neutral,0.64,0
1421,Remote,Operations,11,0.12,Neutral,0.3,1
1422,Remote,Engineering,40,-0.34,Negative,0.43,0
1423,Remote,Corporate,11,0.35,Positive,0.2,0
1424,Remote,Engineering,35,-0.8,Negative,0.69,0
1425,Remote,Sales,3,0.18,Neutral,0.29,0
1426,Remote,Operations,34,-0.22,Neutral,0.59,0
1427,Remote,Operations,25,0.13,Neutral,0.62,0
1428,Remote,Engineering,57,-0.02,Neutral,0.42,0
1429,Remote,Sales,13,0.55,Positive,0.31,1
1430,Remote,Sales,14,-0.22,Neutral,0.4,0
1431,Remote,Operations,33,-0.22,Neutral,0.61,1
1432,Remote,Operations,28,-0.4,Negative,0.72,0
1433,Remote,Corporate,46,0.13,Neutral,0.39,1
1434,Remote,Engineering,12,0.01,Neutral,0.38,0
1435,Remote,Operations,15,-0.17,Neutral,0.33,0
1436,Remote,Sales,41,-0.31,Negative,0.35,0
1437,Remote,Sales,28,-0.67,Negative,0.74,1
1438,Remote,Sales,29,0.01,Neutral,0.6,0
1439,Remote,Corporate,12,0.16,Neutral,0.38,0
1440,Remote,Sales,17,-0.53,Negative,0.41,0
1441,Remote,Engineering,23,-0.34,Negative,0.64,0
1442,Remote,Operations,5,0.05,Neutral,0.33,0
1443,Remote,Engineering,54,0.23,Neutral,0.34,0
1444,Remote,Corporate,41,-0.74,Negative,0.5,1
1445,Remote,Engineering,24,-0.07,Neutral,0.63,0
1446,Remote,Engineering,26,0.04,Neutral,0.69,0
1447,Remote,Engineering,26,-0.36,Negative,0.64,0
1448,Remote,Corporate,23,0.41,Positive,0.61,0
1449,Remote,Corporate,10,0.24,Neutral,0.35,0
1450,Remote,Support,29,0.36,Positive,0.52,0
1451,Remote,Sales,53,0.16,Neutral,0.42,1
1452,Remote,Operations,15,0.07,Neutral,0.41,0
1453,Remote,Operations,26,0.33,Positive,0.57,0
1454,Remote,Operations,38,-0.16,Neutral,0.47,1
1455,Remote,Support,31,0.27,Positive,0.48,0
1456,Remote,Corporate,27,0.4,Positive,0.59,0
1457,Remote,Corporate,7,-0.17,Neutral,0.4,1
1458,Remote,Corporate,18,0.45,Positive,0.57,1
1459,Remote,Corporate,15,0.36,Positive,0.3,0
1460,Remote,Operations,26,0.33,Positive,0.54,0
1461,Remote,Support,46,-0.43,Negative,0.36,0
1462,Remote,Support,43,-0.7,Negative,0.43,1
1463,Remote,Operations,59,0.37,Positive,0.27,1
1464,Remote,Sales,51,0.18,Neutral,0.4,0
1465,Remote,Engineering,63,0.05,Neutral,0.34,0
1466,Remote,Engineering,3,0.31,Positive,0.21,1
1467,Remote,Operations,12,-0.63,Negative,0.45,1
1468,Remote,Support,7,-0.73,Negative,0.48,1
1469,Remote,Corporate,68,-0.09,Neutral,0.36,0
1470,Remote,Operations,22,0.15,Neutral,0.72,0
1471,Remote,Sales,13,-0.63,Negative,0.37,0
1472,Remote,Sales,39,-0.31,Negative,0.38,0
1473,Remote,Support,55,-0.35,Negative,0.45,0
1474,Remote,Sales,13,-0.4,Negative,0.46,0
1475,Remote,Corporate,27,0.21,Neutral,0.63,0
1476,Remote,Sales,14,-0.38,Negative,0.4,0
1477,Remote,Operations,27,-0.32,Negative,0.58,0
1478,Remote,Support,26,-0.07,Neutral,0.57,0
1479,Remote,Support,49,-0.01,Neutral,0.37,0
1480,Remote,Corporate,30,-0.29,Negative,0.68,1
1481,Remote,Corporate,49,0.14,Neutral,0.34,0
1482,Remote,Corporate,5,-0.21,Neutral,0.38,0
1483,Remote,Corporate,27,-0.2,Neutral,0.61,0
1484,Remote,Support,55,0.23,Neutral,0.39,0
1485,Remote,Engineering,32,-0.16,Neutral,0.68,0
1486,Remote,Operations,29,-0.39,Negative,0.71,0
1487,Remote,Corporate,38,0.09,Neutral,0.35,0
1488,Remote,Engineering,8,-0.07,Neutral,0.31,0
1489,Remote,Operations,14,-0.08,Neutral,0.33,0
1490,Remote,Engineering,14,-0.42,Negative,0.41,0
1491,Remote,Support,18,-1.0,Negative,0.65,1
1492,Remote,Engineering,26,-0.25,Negative,0.62,0
1493,Remote,Support,3,-0.01,Neutral,0.3,0
1494,Remote,Corporate,15,0.71,Positive,0.22,0
1495,Remote,Sales,10,0.47,Positive,0.29,0
1496,Remote,Corporate,18,0.24,Neutral,0.6,1
1497,Remote,Support,19,-0.06,Neutral,0.66,1
1498,Remote,Sales,66,-0.73,Negative,0.46,0
1499,Remote,Corporate,64,-0.17,Neutral,0.31,0
1500,Remote,Corporate,20,-0.44,Negative,0.72,1
